id_ciudad_origen,id_ciudad_destino,capacidad,costo
ABOD,ABOD,1.0,64488.0
ABOD,APARTADO,1.0,64488.0
ABOD,ARMENIA,4.5,1170000.0
ABOD,ARMENIA,8.5,1270000.0
ABOD,ARMENIA,17.0,2000000.0
ABOD,ARMENIA,34.0,3600000.0
ABOD,BARRANCABERMEJA,4.5,1220000.0
ABOD,BARRANCABERMEJA,8.5,1340000.0
ABOD,BARRANCABERMEJA,17.0,2290000.0
ABOD,BARRANCABERMEJA,34.0,2590000.0
ABOD,BARRANQUILLA,4.5,1580000.0
ABOD,BARRANQUILLA,8.5,2190000.0
ABOD,BARRANQUILLA,17.0,2310000.0
ABOD,BARRANQUILLA,34.0,3400000.0
ABOD,BELLO,1.0,64488.0
ABOD,BOGOTA,4.5,1135000.0
ABOD,BOGOTA,8.5,1580000.0
ABOD,BOGOTA,17.0,2735000.0
ABOD,BOGOTA,34.0,3150000.0
ABOD,BOGOTA PERIM URBANO,4.5,1135000.0
ABOD,BOGOTA PERIM URBANO,8.5,1580000.0
ABOD,BOGOTA PERIM URBANO,17.0,2735000.0
ABOD,BOGOTA PERIM URBANO,34.0,3150000.0
ABOD,BUCARAMANGA,4.5,1455000.0
ABOD,BUCARAMANGA,8.5,1660000.0
ABOD,BUCARAMANGA,17.0,2610000.0
ABOD,BUCARAMANGA,34.0,3820000.0
ABOD,CALDAS,1.0,64488.0
ABOD,CALI,4.5,1135000.0
ABOD,CALI,8.5,1580000.0
ABOD,CALI,17.0,2735000.0
ABOD,CALI,34.0,3860000.0
ABOD,CALOTO,4.5,1340000.0
ABOD,CALOTO,8.5,1550000.0
ABOD,CALOTO,17.0,2745000.0
ABOD,CALOTO,34.0,3045000.0
ABOD,CARTAGENA,4.5,1580000.0
ABOD,CARTAGENA,8.5,2190000.0
ABOD,CARTAGENA,17.0,2650000.0
ABOD,CARTAGENA,34.0,3400000.0
ABOD,CHIGORODO,1.0,64488.0
ABOD,CIENAGA,4.5,1580000.0
ABOD,CIENAGA,8.5,2190000.0
ABOD,CIENAGA,17.0,2310000.0
ABOD,CIENAGA,34.0,3400000.0
ABOD,COPACABANA,4.5,344052.0
ABOD,CUCUTA,4.5,1700000.0
ABOD,CUCUTA,8.5,2065000.0
ABOD,CUCUTA,17.0,3560000.0
ABOD,CUCUTA,34.0,4130000.0
ABOD,EJE CAFETERO,4.5,1090000.0
ABOD,EJE CAFETERO,8.5,1220000.0
ABOD,EJE CAFETERO,17.0,2375000.0
ABOD,EJE CAFETERO,34.0,2735000.0
ABOD,ENVIGADO,1.0,64488.0
ABOD,FACATATIVA,4.5,1135000.0
ABOD,FACATATIVA,8.5,1580000.0
ABOD,FACATATIVA,17.0,2735000.0
ABOD,FACATATIVA,34.0,3150000.0
ABOD,GALAPA,4.5,1580000.0
ABOD,GALAPA,8.5,2190000.0
ABOD,GALAPA,17.0,2310000.0
ABOD,GALAPA,34.0,3400000.0
ABOD,GIRARDOTA,1.0,64488.0
ABOD,GIRON,4.5,1455000.0
ABOD,GIRON,8.5,1660000.0
ABOD,GIRON,17.0,2610000.0
ABOD,GIRON,34.0,3820000.0
ABOD,GUAJIRA,4.5,1085000.0
ABOD,GUAJIRA,8.5,1495000.0
ABOD,GUAJIRA,17.0,3180000.0
ABOD,GUAJIRA,34.0,4390000.0
ABOD,GUARNE,4.5,344052.0
ABOD,IBAGUE,4.5,1340000.0
ABOD,IBAGUE,8.5,1940000.0
ABOD,IBAGUE,17.0,2960000.0
ABOD,IBAGUE,34.0,3075000.0
ABOD,ITAGUI,1.0,64488.0
ABOD,JAMUNDI,4.5,1135000.0
ABOD,JAMUNDI,8.5,1580000.0
ABOD,JAMUNDI,17.0,2735000.0
ABOD,JAMUNDI,34.0,3860000.0
ABOD,LA CEJA,1.0,64488.0
ABOD,LA ESTRELLA,1.0,64488.0
ABOD,LOS PATIOS,4.5,1700000.0
ABOD,LOS PATIOS,8.5,2065000.0
ABOD,LOS PATIOS,17.0,3560000.0
ABOD,LOS PATIOS,34.0,4130000.0
ABOD,MAGANGUE,4.5,1370000.0
ABOD,MAGANGUE,8.5,1980000.0
ABOD,MAGANGUE,17.0,2065000.0
ABOD,MAGANGUE,34.0,3395000.0
ABOD,MANIZALES,4.5,1075000.0
ABOD,MANIZALES,8.5,1220000.0
ABOD,MANIZALES,17.0,2000000.0
ABOD,MANIZALES,34.0,3600000.0
ABOD,MARINILLA,4.5,344052.0
ABOD,MEDELLIN,1.0,64488.0
ABOD,MONTERIA-SINCELEJO,4.5,1370000.0
ABOD,MONTERIA-SINCELEJO,8.5,1980000.0
ABOD,MONTERIA-SINCELEJO,17.0,2065000.0
ABOD,MONTERIA-SINCELEJO,34.0,3395000.0
ABOD,NEIVA,4.5,1465000.0
ABOD,NEIVA,8.5,2290000.0
ABOD,NEIVA,17.0,2840000.0
ABOD,NEIVA,34.0,3300000.0
ABOD,PASTO,4.5,1800000.0
ABOD,PASTO,8.5,2200000.0
ABOD,PASTO,17.0,3150000.0
ABOD,PASTO,34.0,4700000.0
ABOD,PEREIRA,4.5,1135000.0
ABOD,PEREIRA,8.5,1240000.0
ABOD,PEREIRA,17.0,1940000.0
ABOD,PEREIRA,34.0,3600000.0
ABOD,PIEDECUESTA,4.5,1455000.0
ABOD,PIEDECUESTA,8.5,1660000.0
ABOD,PIEDECUESTA,17.0,2610000.0
ABOD,PIEDECUESTA,34.0,3820000.0
ABOD,POPAYAN,4.5,1940000.0
ABOD,POPAYAN,8.5,2290000.0
ABOD,POPAYAN,17.0,3395000.0
ABOD,POPAYAN,34.0,3560000.0
ABOD,RIONEGRO,1.0,64488.0
ABOD,RIONEGRO,4.5,344052.0
ABOD,SABANETA,1.0,64488.0
ABOD,SANTANDER DE QUILICHAO,4.5,1135000.0
ABOD,SANTANDER DE QUILICHAO,8.5,1580000.0
ABOD,SANTANDER DE QUILICHAO,17.0,2735000.0
ABOD,SANTANDER DE QUILICHAO,34.0,3860000.0
ABOD,SANTANDER QUILICHAO,4.5,1940000.0
ABOD,SANTANDER QUILICHAO,8.5,2290000.0
ABOD,SANTANDER QUILICHAO,17.0,2685000.0
ABOD,SANTANDER QUILICHAO,34.0,2970000.0
ABOD,SOLEDAD,4.5,1580000.0
ABOD,SOLEDAD,8.5,2190000.0
ABOD,SOLEDAD,17.0,2310000.0
ABOD,SOLEDAD,34.0,3400000.0
ABOD,TURBACO,4.5,1580000.0
ABOD,TURBACO,8.5,2190000.0
ABOD,TURBACO,17.0,2650000.0
ABOD,TURBACO,34.0,3400000.0
ABOD,TURBO,4.5,1715000.0
ABOD,TURBO,8.5,1815000.0
ABOD,TURBO,17.0,2135000.0
ABOD,TURBO,34.0,3200000.0
ABOD,TURBO-ANTIOQUIA,4.5,1715000.0
ABOD,TURBO-ANTIOQUIA,8.5,1815000.0
ABOD,TURBO-ANTIOQUIA,17.0,2135000.0
ABOD,TURBO-ANTIOQUIA,34.0,3200000.0
ABOD,VILLA DEL ROSARIO,4.5,1700000.0
ABOD,VILLA DEL ROSARIO,8.5,2065000.0
ABOD,VILLA DEL ROSARIO,17.0,3560000.0
ABOD,VILLA DEL ROSARIO,34.0,4130000.0
ABOD,VILLA RICA,4.5,1940000.0
ABOD,VILLA RICA,8.5,2290000.0
ABOD,VILLA RICA,17.0,3395000.0
ABOD,VILLA RICA,34.0,3560000.0
ABOD,VILLAVICENCIO,4.5,1135000.0
ABOD,VILLAVICENCIO,8.5,1580000.0
ABOD,VILLAVICENCIO,17.0,3000000.0
ABOD,VILLAVICENCIO,34.0,3500000.0
ABOD,YOPAL,4.5,1135000.0
ABOD,YOPAL,8.5,1580000.0
ABOD,YOPAL,17.0,2735000.0
ABOD,YOPAL,34.0,3150000.0
ABOD,ZF DEL PACIFICO,4.5,1465000.0
ABOD,ZF DEL PACIFICO,8.5,1600000.0
ABOD,ZF DEL PACIFICO,17.0,2610000.0
ABOD,ZF DEL PACIFICO,34.0,2890000.0
ABOD,ZONA FRANCA RIONEGRO ANTIOQUIA,1.0,64488.0
BBOD,ARMENIA,4.5,1135000.0
BBOD,ARMENIA,8.5,1540000.0
BBOD,ARMENIA,17.0,2800000.0
BBOD,ARMENIA,34.0,4220000.0
BBOD,BARRANCABERMEJA,4.5,1735000.0
BBOD,BARRANCABERMEJA,8.5,2045000.0
BBOD,BARRANCABERMEJA,17.0,3045000.0
BBOD,BARRANCABERMEJA,34.0,4645000.0
BBOD,BARRANQUILLA,4.5,1930000.0
BBOD,BARRANQUILLA,8.5,2270000.0
BBOD,BARRANQUILLA,17.0,3200000.0
BBOD,BARRANQUILLA,34.0,5025000.0
BBOD,BOGOTA,1.0,64488.0
BBOD,BUCARAMANGA,4.5,1160000.0
BBOD,BUCARAMANGA,8.5,1640000.0
BBOD,BUCARAMANGA,17.0,3075000.0
BBOD,BUCARAMANGA,34.0,4365000.0
BBOD,CAJICA,4.5,362628.0
BBOD,CALI,4.5,1135000.0
BBOD,CALI,8.5,1540000.0
BBOD,CALI,17.0,2840000.0
BBOD,CALI,34.0,4265000.0
BBOD,CALI/FUE/PERIM/URB,4.5,1135000.0
BBOD,CALI/FUE/PERIM/URB,8.5,1540000.0
BBOD,CALI/FUE/PERIM/URB,17.0,2840000.0
BBOD,CALI/FUE/PERIM/URB,34.0,4265000.0
BBOD,CALOTO,4.5,1990000.0
BBOD,CALOTO,8.5,2230000.0
BBOD,CALOTO,17.0,3075000.0
BBOD,CALOTO,34.0,4695000.0
BBOD,CARTAGENA,4.5,1930000.0
BBOD,CARTAGENA,8.5,2270000.0
BBOD,CARTAGENA,17.0,3200000.0
BBOD,CARTAGENA,34.0,5025000.0
BBOD,CHIA,4.5,362628.0
BBOD,CIENAGA,4.5,1930000.0
BBOD,CIENAGA,8.5,2270000.0
BBOD,CIENAGA,17.0,3200000.0
BBOD,CIENAGA,34.0,5025000.0
BBOD,COTA,4.5,80584.0
BBOD,CUCUTA,4.5,1880000.0
BBOD,CUCUTA,8.5,2250000.0
BBOD,CUCUTA,17.0,3150000.0
BBOD,CUCUTA,34.0,4880000.0
BBOD,EJE CAFETERO,4.5,1135000.0
BBOD,EJE CAFETERO,8.5,1540000.0
BBOD,EJE CAFETERO,17.0,2800000.0
BBOD,EJE CAFETERO,34.0,4220000.0
BBOD,FACATATIVA,4.5,450000.0
BBOD,FACATATIVA,8.5,650000.0
BBOD,FACATATIVA,17.0,1400000.0
BBOD,FACATATIVA,34.0,2140000.0
BBOD,FUNZA,1.0,80584.0
BBOD,FUSAGASUGA,4.5,501714.0
BBOD,GACHANCIPA,4.5,362628.0
BBOD,GALAPA,4.5,1930000.0
BBOD,GALAPA,8.5,2270000.0
BBOD,GALAPA,17.0,3200000.0
BBOD,GALAPA,34.0,5025000.0
BBOD,GIRON,4.5,1160000.0
BBOD,GIRON,8.5,1640000.0
BBOD,GIRON,17.0,3075000.0
BBOD,GIRON,34.0,4365000.0
BBOD,GUAJIRA,4.5,1930000.0
BBOD,GUAJIRA,8.5,2270000.0
BBOD,GUAJIRA,17.0,3200000.0
BBOD,GUAJIRA,34.0,5025000.0
BBOD,IBAGUE,4.5,950000.0
BBOD,IBAGUE,8.5,1135000.0
BBOD,IBAGUE,17.0,2270000.0
BBOD,IBAGUE,34.0,3200000.0
BBOD,JAMUNDI,4.5,1135000.0
BBOD,JAMUNDI,8.5,1540000.0
BBOD,JAMUNDI,17.0,2840000.0
BBOD,JAMUNDI,34.0,4265000.0
BBOD,LA CEJA,4.5,1160000.0
BBOD,LA CEJA,8.5,1580000.0
BBOD,LA CEJA,17.0,2950000.0
BBOD,LA CEJA,34.0,4365000.0
BBOD,LOS PATIOS,4.5,1880000.0
BBOD,LOS PATIOS,8.5,2250000.0
BBOD,LOS PATIOS,17.0,3150000.0
BBOD,LOS PATIOS,34.0,4880000.0
BBOD,MADRID,4.5,80584.0
BBOD,MAGANGUE,4.5,1950000.0
BBOD,MAGANGUE,8.5,2320000.0
BBOD,MAGANGUE,17.0,3300000.0
BBOD,MAGANGUE,34.0,5110000.0
BBOD,MANIZALES,4.5,1135000.0
BBOD,MANIZALES,8.5,1540000.0
BBOD,MANIZALES,17.0,2800000.0
BBOD,MANIZALES,34.0,4220000.0
BBOD,MEDELLIN,4.5,1160000.0
BBOD,MEDELLIN,8.5,1580000.0
BBOD,MEDELLIN,17.0,2950000.0
BBOD,MEDELLIN,34.0,4365000.0
BBOD,MEDELLIN/FUE/PERIM/URB,4.5,1160000.0
BBOD,MEDELLIN/FUE/PERIM/URB,8.5,1580000.0
BBOD,MEDELLIN/FUE/PERIM/URB,17.0,2950000.0
BBOD,MEDELLIN/FUE/PERIM/URB,34.0,4365000.0
BBOD,MONTERIA-SINCELEJO,4.5,1950000.0
BBOD,MONTERIA-SINCELEJO,8.5,2320000.0
BBOD,MONTERIA-SINCELEJO,17.0,3300000.0
BBOD,MONTERIA-SINCELEJO,34.0,5110000.0
BBOD,MOSQUERA,4.5,80584.0
BBOD,NEIVA,4.5,1125000.0
BBOD,NEIVA,8.5,1560000.0
BBOD,NEIVA,17.0,2840000.0
BBOD,NEIVA,34.0,4230000.0
BBOD,PASTO,4.5,1800000.0
BBOD,PASTO,8.5,2000000.0
BBOD,PASTO,17.0,3000000.0
BBOD,PASTO,34.0,4400000.0
BBOD,PEREIRA,4.5,1135000.0
BBOD,PEREIRA,8.5,1540000.0
BBOD,PEREIRA,17.0,2800000.0
BBOD,PEREIRA,34.0,4220000.0
BBOD,PIEDECUESTA,4.5,1160000.0
BBOD,PIEDECUESTA,8.5,1640000.0
BBOD,PIEDECUESTA,17.0,3075000.0
BBOD,PIEDECUESTA,34.0,4365000.0
BBOD,POPAYAN,4.5,1990000.0
BBOD,POPAYAN,8.5,2260000.0
BBOD,POPAYAN,17.0,3920000.0
BBOD,POPAYAN,34.0,5655000.0
BBOD,RIONEGRO,4.5,1160000.0
BBOD,RIONEGRO,8.5,1580000.0
BBOD,RIONEGRO,17.0,2950000.0
BBOD,RIONEGRO,34.0,4365000.0
BBOD,SANTANDER DE QUILICHAO,4.5,1135000.0
BBOD,SANTANDER DE QUILICHAO,8.5,1540000.0
BBOD,SANTANDER DE QUILICHAO,17.0,2840000.0
BBOD,SANTANDER DE QUILICHAO,34.0,4265000.0
BBOD,SANTANDER QUILICHAO,4.5,1970000.0
BBOD,SANTANDER QUILICHAO,8.5,2230000.0
BBOD,SANTANDER QUILICHAO,17.0,3860000.0
BBOD,SIBATE,1.0,80584.0
BBOD,SIBERIA,1.0,80584.0
BBOD,SOACHA,1.0,80584.0
BBOD,SOLEDAD,4.5,1930000.0
BBOD,SOLEDAD,8.5,2270000.0
BBOD,SOLEDAD,17.0,3200000.0
BBOD,SOLEDAD,34.0,5025000.0
BBOD,TABIO,4.5,80584.0
BBOD,TENJO,4.5,362628.0
BBOD,TOCANCIPA,4.5,80584.0
BBOD,TURBACO,4.5,1930000.0
BBOD,TURBACO,8.5,2270000.0
BBOD,TURBACO,17.0,3200000.0
BBOD,TURBACO,34.0,5025000.0
BBOD,TURBO,4.5,1990000.0
BBOD,TURBO,8.5,2365000.0
BBOD,TURBO,17.0,3520000.0
BBOD,TURBO,34.0,4900000.0
BBOD,TURBO-ANTIOQUIA,4.5,1990000.0
BBOD,TURBO-ANTIOQUIA,8.5,2365000.0
BBOD,TURBO-ANTIOQUIA,17.0,3520000.0
BBOD,TURBO-ANTIOQUIA,34.0,4900000.0
BBOD,VILLA DEL ROSARIO,4.5,1880000.0
BBOD,VILLA DEL ROSARIO,8.5,2250000.0
BBOD,VILLA DEL ROSARIO,17.0,3150000.0
BBOD,VILLA DEL ROSARIO,34.0,4880000.0
BBOD,VILLA RICA,4.5,1990000.0
BBOD,VILLA RICA,8.5,2260000.0
BBOD,VILLA RICA,17.0,3920000.0
BBOD,VILLA RICA,34.0,5655000.0
BBOD,VILLAVICENCIO,4.5,875000.0
BBOD,VILLAVICENCIO,8.5,1125000.0
BBOD,VILLAVICENCIO,17.0,2500000.0
BBOD,VILLAVICENCIO,34.0,3130000.0
BBOD,YOPAL,1.0,64488.0
BBOD,ZF DEL PACIFICO,4.5,1135000.0
BBOD,ZF DEL PACIFICO,8.5,1540000.0
BBOD,ZF DEL PACIFICO,17.0,2840000.0
BBOD,ZF DEL PACIFICO,34.0,4265000.0
BBOD,ZIPAQUIRA,4.5,80584.0
BBOD,ZONA FRANCA RIONEGRO ANTIOQUIA,4.5,1160000.0
BBOD,ZONA FRANCA RIONEGRO ANTIOQUIA,8.5,1580000.0
BBOD,ZONA FRANCA RIONEGRO ANTIOQUIA,17.0,2950000.0
BBOD,ZONA FRANCA RIONEGRO ANTIOQUIA,34.0,4365000.0
BUEN_PORT,ABOD,4.5,1085000.0
BUEN_PORT,ABOD,8.5,1495000.0
BUEN_PORT,ABOD,17.0,3400000.0
BUEN_PORT,ABOD,34.0,4390000.0
BUEN_PORT,BBOD,4.5,1085000.0
BUEN_PORT,BBOD,8.5,1495000.0
BUEN_PORT,BBOD,17.0,3180000.0
BUEN_PORT,BBOD,34.0,4390000.0
BUEN_PORT,BOGOTA,4.5,1085000.0
BUEN_PORT,BOGOTA,8.5,1495000.0
BUEN_PORT,BOGOTA,17.0,3180000.0
BUEN_PORT,BOGOTA,34.0,4390000.0
BUEN_PORT,CALI,1.0,64488.0
BUEN_PORT,CARTAGENA,4.5,2425000.0
BUEN_PORT,CARTAGENA,8.5,2990000.0
BUEN_PORT,CARTAGENA,17.0,4750000.0
BUEN_PORT,CARTAGENA,34.0,6190000.0
BUEN_PORT,CBOD,1.0,64488.0
BUEN_PORT,CGNA_CEDI,4.5,2425000.0
BUEN_PORT,CGNA_CEDI,8.5,2990000.0
BUEN_PORT,CGNA_CEDI,17.0,4750000.0
BUEN_PORT,CGNA_CEDI,34.0,6190000.0
BUEN_PORT,CGNA_PLANT,4.5,2425000.0
BUEN_PORT,CGNA_PLANT,8.5,2990000.0
BUEN_PORT,CGNA_PLANT,17.0,4750000.0
BUEN_PORT,CGNA_PLANT,34.0,6190000.0
BUEN_PORT,MEDELLIN,4.5,1085000.0
BUEN_PORT,MEDELLIN,8.5,1495000.0
BUEN_PORT,MEDELLIN,17.0,3400000.0
BUEN_PORT,MEDELLIN,34.0,4390000.0
CBOD,ARMENIA,4.5,805577.0
CBOD,ARMENIA,8.5,1166447.0
CBOD,BARRANCABERMEJA,4.5,2530000.0
CBOD,BARRANCABERMEJA,8.5,3100000.0
CBOD,BARRANCABERMEJA,17.0,4955000.0
CBOD,BARRANCABERMEJA,34.0,6400000.0
CBOD,BARRANQUILLA,4.5,2425000.0
CBOD,BARRANQUILLA,8.5,2990000.0
CBOD,BARRANQUILLA,17.0,4750000.0
CBOD,BARRANQUILLA,34.0,6190000.0
CBOD,BOGOTA,4.5,1085000.0
CBOD,BOGOTA,8.5,1495000.0
CBOD,BOGOTA,17.0,3180000.0
CBOD,BOGOTA,34.0,4390000.0
CBOD,BOGOTA PERIM URBANO,4.5,1085000.0
CBOD,BOGOTA PERIM URBANO,8.5,1495000.0
CBOD,BOGOTA PERIM URBANO,17.0,3180000.0
CBOD,BOGOTA PERIM URBANO,34.0,4390000.0
CBOD,BUCARAMANGA,4.5,2425000.0
CBOD,BUCARAMANGA,8.5,2990000.0
CBOD,BUCARAMANGA,17.0,4750000.0
CBOD,BUCARAMANGA,34.0,6190000.0
CBOD,CALARCA,4.5,805576.5
CBOD,CALARCA,8.5,1166446.5
CBOD,CALI,1.0,64488.0
CBOD,CALOTO,4.5,483345.0
CBOD,CALOTO,8.5,558671.0
CBOD,CANDELARIA,1.0,64488.0
CBOD,CARTAGENA,4.5,2425000.0
CBOD,CARTAGENA,8.5,2990000.0
CBOD,CARTAGENA,17.0,4750000.0
CBOD,CARTAGENA,34.0,6190000.0
CBOD,CARTAGO,4.5,805577.0
CBOD,CARTAGO,8.5,1166447.0
CBOD,CBOD,1.0,64488.0
CBOD,CGNA_CEDI,4.5,2425000.0
CBOD,CGNA_CEDI,8.5,2990000.0
CBOD,CGNA_CEDI,17.0,4750000.0
CBOD,CGNA_CEDI,34.0,6190000.0
CBOD,CIENAGA,4.5,2425000.0
CBOD,CIENAGA,8.5,2990000.0
CBOD,CIENAGA,17.0,4750000.0
CBOD,CIENAGA,34.0,6190000.0
CBOD,CUCUTA,4.5,2580000.0
CBOD,CUCUTA,8.5,4645000.0
CBOD,CUCUTA,17.0,5880000.0
CBOD,CUCUTA,34.0,6300000.0
CBOD,DOSQUEBRADAS,4.5,805577.0
CBOD,DOSQUEBRADAS,8.5,1166447.0
CBOD,EJE CAFETERO,4.5,775000.0
CBOD,EJE CAFETERO,8.5,1190000.0
CBOD,EJE CAFETERO,17.0,2375000.0
CBOD,EJE CAFETERO,34.0,3920000.0
CBOD,EL CERRITO,1.0,64488.0
CBOD,FACATATIVA,4.5,1085000.0
CBOD,FACATATIVA,8.5,1495000.0
CBOD,FACATATIVA,17.0,3180000.0
CBOD,FACATATIVA,34.0,4390000.0
CBOD,GALAPA,4.5,2425000.0
CBOD,GALAPA,8.5,2990000.0
CBOD,GALAPA,17.0,4750000.0
CBOD,GALAPA,34.0,6190000.0
CBOD,GINEBRA,4.5,376092.0
CBOD,GINEBRA,8.5,501662.0
CBOD,GIRON,4.5,2425000.0
CBOD,GIRON,8.5,2990000.0
CBOD,GIRON,17.0,4750000.0
CBOD,GIRON,34.0,6190000.0
CBOD,GUACHENE,4.5,483345.0
CBOD,GUACHENE,8.5,558671.0
CBOD,GUADALAJARA DE BUGA,4.5,376092.0
CBOD,GUADALAJARA DE BUGA,8.5,501662.0
CBOD,GUAJIRA,4.5,2425000.0
CBOD,GUAJIRA,8.5,2990000.0
CBOD,GUAJIRA,17.0,4750000.0
CBOD,GUAJIRA,34.0,6190000.0
CBOD,IBAGUE,4.5,1135000.0
CBOD,IBAGUE,8.5,1600000.0
CBOD,IBAGUE,17.0,3610000.0
CBOD,IBAGUE,34.0,4385000.0
CBOD,JAMUNDI,4.5,400000.0
CBOD,JAMUNDI,8.5,650000.0
CBOD,JAMUNDI,17.0,1370000.0
CBOD,JAMUNDI,34.0,2750000.0
CBOD,LA CEJA,4.5,1085000.0
CBOD,LA CEJA,8.5,1495000.0
CBOD,LA CEJA,17.0,3400000.0
CBOD,LA CEJA,34.0,4390000.0
CBOD,LA TEBAIDA,4.5,805576.5
CBOD,LA TEBAIDA,8.5,1166446.5
CBOD,LOS PATIOS,4.5,2580000.0
CBOD,LOS PATIOS,8.5,4645000.0
CBOD,LOS PATIOS,17.0,5880000.0
CBOD,LOS PATIOS,34.0,6300000.0
CBOD,MAGANGUE,4.5,2530000.0
CBOD,MAGANGUE,8.5,3300000.0
CBOD,MAGANGUE,17.0,4850000.0
CBOD,MAGANGUE,34.0,6300000.0
CBOD,MANIZALES,4.5,805577.0
CBOD,MANIZALES,8.5,1166447.0
CBOD,MEDELLIN,4.5,1085000.0
CBOD,MEDELLIN,8.5,1495000.0
CBOD,MEDELLIN,17.0,3400000.0
CBOD,MEDELLIN,34.0,4390000.0
CBOD,MEDELLIN/FUE/PERIM/URB,4.5,1085000.0
CBOD,MEDELLIN/FUE/PERIM/URB,8.5,1495000.0
CBOD,MEDELLIN/FUE/PERIM/URB,17.0,3400000.0
CBOD,MEDELLIN/FUE/PERIM/URB,34.0,4390000.0
CBOD,MIRANDA,1.0,64488.0
CBOD,MONTERIA-SINCELEJO,4.5,2530000.0
CBOD,MONTERIA-SINCELEJO,8.5,3300000.0
CBOD,MONTERIA-SINCELEJO,17.0,4850000.0
CBOD,MONTERIA-SINCELEJO,34.0,6300000.0
CBOD,NEIVA,4.5,1290000.0
CBOD,NEIVA,8.5,2375000.0
CBOD,NEIVA,17.0,4130000.0
CBOD,NEIVA,34.0,5260000.0
CBOD,PALMIRA,1.0,64488.0
CBOD,PASTO,4.5,1735000.0
CBOD,PASTO,8.5,2045000.0
CBOD,PASTO,17.0,3045000.0
CBOD,PASTO,34.0,4645000.0
CBOD,PEREIRA,4.5,805577.0
CBOD,PEREIRA,8.5,1166447.0
CBOD,PIEDECUESTA,4.5,2425000.0
CBOD,PIEDECUESTA,8.5,2990000.0
CBOD,PIEDECUESTA,17.0,4750000.0
CBOD,PIEDECUESTA,34.0,6190000.0
CBOD,POPAYAN,4.5,775000.0
CBOD,POPAYAN,8.5,980000.0
CBOD,POPAYAN,17.0,2680000.0
CBOD,POPAYAN,34.0,3770000.0
CBOD,PUERTO TEJADA,4.5,483345.0
CBOD,PUERTO TEJADA,8.5,558671.0
CBOD,RIONEGRO,4.5,1085000.0
CBOD,RIONEGRO,8.5,1495000.0
CBOD,RIONEGRO,17.0,3400000.0
CBOD,RIONEGRO,34.0,4390000.0
CBOD,SAN PEDRO,1.0,64488.0
CBOD,SANTA ROSA DE CABAL,4.5,805577.0
CBOD,SANTA ROSA DE CABAL,8.5,1166447.0
CBOD,SANTANDER DE QUILICHAO,4.5,400000.0
CBOD,SANTANDER DE QUILICHAO,8.5,650000.0
CBOD,SANTANDER DE QUILICHAO,17.0,1370000.0
CBOD,SANTANDER DE QUILICHAO,34.0,2750000.0
CBOD,SANTANDER QUILICHAO,4.5,460000.0
CBOD,SANTANDER QUILICHAO,8.5,570000.0
CBOD,SANTANDER QUILICHAO,17.0,1860000.0
CBOD,SANTANDER QUILICHAO,34.0,2270000.0
CBOD,SOLEDAD,4.5,2425000.0
CBOD,SOLEDAD,8.5,2990000.0
CBOD,SOLEDAD,17.0,4750000.0
CBOD,SOLEDAD,34.0,6190000.0
CBOD,TULUA,1.0,64488.0
CBOD,TURBACO,4.5,2425000.0
CBOD,TURBACO,8.5,2990000.0
CBOD,TURBACO,17.0,4750000.0
CBOD,TURBACO,34.0,6190000.0
CBOD,TURBO,4.5,2530000.0
CBOD,TURBO,8.5,3100000.0
CBOD,TURBO,17.0,4950000.0
CBOD,TURBO,34.0,6400000.0
CBOD,TURBO-ANTIOQUIA,4.5,2530000.0
CBOD,TURBO-ANTIOQUIA,8.5,3100000.0
CBOD,TURBO-ANTIOQUIA,17.0,4950000.0
CBOD,TURBO-ANTIOQUIA,34.0,6400000.0
CBOD,VILLA DEL ROSARIO,4.5,2580000.0
CBOD,VILLA DEL ROSARIO,8.5,4645000.0
CBOD,VILLA DEL ROSARIO,17.0,5880000.0
CBOD,VILLA DEL ROSARIO,34.0,6300000.0
CBOD,VILLA RICA,4.5,775000.0
CBOD,VILLA RICA,8.5,980000.0
CBOD,VILLA RICA,17.0,2680000.0
CBOD,VILLA RICA,34.0,3770000.0
CBOD,VILLAVICENCIO,4.5,1085000.0
CBOD,VILLAVICENCIO,8.5,1495000.0
CBOD,VILLAVICENCIO,17.0,3180000.0
CBOD,VILLAVICENCIO,34.0,4390000.0
CBOD,YOPAL,4.5,1085000.0
CBOD,YOPAL,8.5,1495000.0
CBOD,YOPAL,17.0,3180000.0
CBOD,YOPAL,34.0,4390000.0
CBOD,YUMBO,1.0,64488.0
CBOD,ZF DEL PACIFICO,4.5,460000.0
CBOD,ZF DEL PACIFICO,8.5,570000.0
CBOD,ZF DEL PACIFICO,17.0,1860000.0
CBOD,ZF DEL PACIFICO,34.0,2270000.0
CBOD,ZONA FRANCA RIONEGRO ANTIOQUIA,4.5,1085000.0
CBOD,ZONA FRANCA RIONEGRO ANTIOQUIA,8.5,1495000.0
CBOD,ZONA FRANCA RIONEGRO ANTIOQUIA,17.0,3400000.0
CBOD,ZONA FRANCA RIONEGRO ANTIOQUIA,34.0,4390000.0
CGNA_PLANT,ABOD,1.0,153600.0
CGNA_PLANT,ACAJUTLA,40.0,4641480.0
CGNA_PLANT,ATE,5.0,320742.0
CGNA_PLANT,ATE,7.0,494289.0
CGNA_PLANT,BALBOA,40.0,1817913.0
CGNA_PLANT,BARRANQUILLA,1.0,80000.0
CGNA_PLANT,BBOD,1.0,166400.0
CGNA_PLANT,BOGOTA,1.0,166400.0
CGNA_PLANT,BOGOTA PERIM URBANO,1.0,166400.0
CGNA_PLANT,BRENA,7.0,675452.0
CGNA_PLANT,BUCARAMANGA,1.0,97059.0
CGNA_PLANT,CALI,1.0,173000.0
CGNA_PLANT,CALI/FUE/PERIM/URB,1.0,173000.0
CGNA_PLANT,CALOTO,1.0,180000.0
CGNA_PLANT,CARTAGENA,1.0,1000.0
CGNA_PLANT,CBOD,1.0,173000.0
CGNA_PLANT,CGNA_PORT,999.0,1.0
CGNA_PLANT,CROSS,1.0,34000.0
CGNA_PLANT,CUCUTA,1.0,154000.0
CGNA_PLANT,GINEBRA,1.0,160000.0
CGNA_PLANT,MEDELLIN,1.0,153600.0
CGNA_PLANT,MEDELLIN/FUE/PERIM/URB,1.0,153600.0
CGNA_PLANT,PEREIRA,1.0,176380.0
CGNA_PLANT,PGI,1.0,195000.0
CGNA_PLANT,RIONEGRO,1.0,153600.0
CGNA_PLANT,TOCANCIPA,1.0,160000.0
CGNA_PLANT,YOPAL,1.0,166400.0
CGNA_PORT,ABREU E LIMA,40.0,2236613.2
CGNA_PORT,ALAJUELA,40.0,7078257.0
CGNA_PORT,ALBERGARIA A VELHA,40.0,9027678.6
CGNA_PORT,ALICANTE,40.0,3686108.7
CGNA_PORT,ALTAMIRA,40.0,1868195.7
CGNA_PORT,AMBATO,40.0,2398098.0
CGNA_PORT,ANTIGUO CUSCATLAN,40.0,6743683.7
CGNA_PORT,ARAGUA. Z POSTAL 2121,40.0,5641332.2
CGNA_PORT,ARAQUARI,40.0,2236613.2
CGNA_PORT,ARARAS,40.0,2236613.2
CGNA_PORT,ARARUNA,40.0,2236613.2
CGNA_PORT,ARAURE,40.0,5641332.2
CGNA_PORT,ARICA,40.0,4171530.2
CGNA_PORT,ATE,0.5,236217.3
CGNA_PORT,ATE,2.0,247424.4
CGNA_PORT,ATE,10.0,599023.9
CGNA_PORT,ATE,30.0,809254.1
CGNA_PORT,ATLACOMULCO,40.0,5922958.2
CGNA_PORT,AUBURN,40.0,7356745.8
CGNA_PORT,AVELLANEDA,40.0,3256771.8
CGNA_PORT,BALNEARIO CAMBORIU,40.0,2236613.2
CGNA_PORT,BARQUISIMETO,40.0,5641332.2
CGNA_PORT,BAYAMON,40.0,3279979.2
CGNA_PORT,BELEN,40.0,7078257.0
CGNA_PORT,BELLEMONT,40.0,7356745.8
CGNA_PORT,BETIM,40.0,2236613.2
CGNA_PORT,BLUMENAU,40.0,2236613.2
CGNA_PORT,BOITUVA,40.0,2236613.2
CGNA_PORT,BRASIL,40.0,2236613.2
CGNA_PORT,BRENA,0.5,351090.5
CGNA_PORT,BRENA,2.0,363698.6
CGNA_PORT,BRENA,5.0,448122.1
CGNA_PORT,BRENA,10.0,828308.2
CGNA_PORT,BRENA,30.0,1085201.2
CGNA_PORT,BUENOS AIRES,40.0,2833236.8
CGNA_PORT,BUFORD,40.0,7356745.8
CGNA_PORT,BURZACO,40.0,3256771.8
CGNA_PORT,CABA,40.0,3256771.8
CGNA_PORT,CABEDELO,40.0,2236613.2
CGNA_PORT,CACADOR,40.0,2236613.2
CGNA_PORT,CAGUA,40.0,5641332.2
CGNA_PORT,CALLAO,0.5,356694.1
CGNA_PORT,CALLAO,2.0,388914.6
CGNA_PORT,CALLAO,5.0,537288.3
CGNA_PORT,CALLAO,7.0,829723.5
CGNA_PORT,CALLAO,10.0,1017963.1
CGNA_PORT,CALLAO,30.0,1092350.1
CGNA_PORT,CALLAO,40.0,2056433.5
CGNA_PORT,CAMACARI,40.0,2236613.2
CGNA_PORT,CAMBUI,40.0,2236613.2
CGNA_PORT,CAMPINA GRANDE,40.0,2236613.2
CGNA_PORT,CAMPO GRANDE,40.0,2236613.2
CGNA_PORT,CANADA,40.0,8211551.7
CGNA_PORT,CANTON,40.0,7356745.8
CGNA_PORT,CARACAS,40.0,5641332.2
CGNA_PORT,CARLOS BARBOSA,40.0,2236613.2
CGNA_PORT,CARRIZAL,40.0,5641332.2
CGNA_PORT,CARUARU,40.0,2236613.2
CGNA_PORT,CAXIAS DO SUL,40.0,2236613.2
CGNA_PORT,CAYAMBE,40.0,2398098.0
CGNA_PORT,CERCADO DE LIMA,0.5,293653.9
CGNA_PORT,CERCADO DE LIMA,2.0,306261.9
CGNA_PORT,CERCADO DE LIMA,5.0,421230.8
CGNA_PORT,CERCADO DE LIMA,7.0,637237.9
CGNA_PORT,CERCADO DE LIMA,10.0,780186.8
CGNA_PORT,CERCADO DE LIMA,30.0,1009423.0
CGNA_PORT,CGNA_PLANT,1.0,64488.0
CGNA_PORT,CHACAO,40.0,5641332.2
CGNA_PORT,CHARLESTON,40.0,3237432.3
CGNA_PORT,CHESHIRE,40.0,7356745.8
CGNA_PORT,CHICLAYO,40.0,2056433.5
CGNA_PORT,CHILCA,0.5,574323.5
CGNA_PORT,CHILCA,2.0,604488.1
CGNA_PORT,CHILCA,5.0,884937.8
CGNA_PORT,CHILCA,7.0,1247377.5
CGNA_PORT,CHILCA,10.0,1539474.5
CGNA_PORT,CHILCA,30.0,1770536.5
CGNA_PORT,CHIVILCOY,40.0,3256771.8
CGNA_PORT,CHOLOMA,40.0,6425871.2
CGNA_PORT,CIUDAD DE GUATEMALA,40.0,5193300.4
CGNA_PORT,CIUDAD DE MEXICO,40.0,5221665.0
CGNA_PORT,CIUDAD DELGADO,40.0,6743683.7
CGNA_PORT,CIUDAD OBREGON,40.0,5922958.2
CGNA_PORT,CLINTON,40.0,7356745.8
CGNA_PORT,CNPJ: 02.180.080/0001-30,40.0,2236613.2
CGNA_PORT,CNPJ: 42.150.391/0037-81,40.0,2236613.2
CGNA_PORT,COCHABAMBA,40.0,4171530.2
CGNA_PORT,COMAS,0.5,356694.1
CGNA_PORT,COMAS,2.0,388914.6
CGNA_PORT,COMAS,5.0,537288.3
CGNA_PORT,COMAS,7.0,829723.5
CGNA_PORT,COMAS,10.0,1017963.1
CGNA_PORT,COMAS,30.0,1092350.1
CGNA_PORT,COMBORIU,40.0,2236613.2
CGNA_PORT,CORDOBA,40.0,3256771.8
CGNA_PORT,COTIA,40.0,2236613.2
CGNA_PORT,COYOACAN,40.0,5922958.2
CGNA_PORT,CRICIUMA,40.0,2236613.2
CGNA_PORT,CUAUTITLAN IZCALLI,40.0,5922958.2
CGNA_PORT,CUBA,40.0,3016962.0
CGNA_PORT,CUDAD DE PANAMA,40.0,1817913.0
CGNA_PORT,CUENCA,40.0,2398098.0
CGNA_PORT,CURRIDABAT,40.0,7078257.0
CGNA_PORT,DE CAGUA,40.0,5641332.2
CGNA_PORT,DURAN,40.0,2398098.0
CGNA_PORT,EL AGUSTINO,0.5,293653.9
CGNA_PORT,EL AGUSTINO,2.0,306261.9
CGNA_PORT,EL AGUSTINO,5.0,421230.8
CGNA_PORT,EL AGUSTINO,7.0,637237.9
CGNA_PORT,EL AGUSTINO,10.0,780186.8
CGNA_PORT,EL AGUSTINO,30.0,1009423.0
CGNA_PORT,ESPAILAT,40.0,3016962.0
CGNA_PORT,EXREMA,40.0,2236613.2
CGNA_PORT,FEIRA DE SANTANA,40.0,2236613.2
CGNA_PORT,FORQUILHINHA,40.0,2236613.2
CGNA_PORT,FOSHAN,40.0,2566351.7
CGNA_PORT,GARUVA,40.0,2236613.2
CGNA_PORT,GENERAL PACHECO,40.0,3256771.8
CGNA_PORT,GENERAL RODRIGUEZ,40.0,3256771.8
CGNA_PORT,GROVER,40.0,7356745.8
CGNA_PORT,GUACARA,40.0,5641332.2
CGNA_PORT,GUARENAS,40.0,5641332.2
CGNA_PORT,GUARULHOS,40.0,2236613.2
CGNA_PORT,GUATEMALA,40.0,5193300.4
CGNA_PORT,GUAYAMA,40.0,3279979.2
CGNA_PORT,GUAYAQUIL,40.0,2398098.0
CGNA_PORT,GUAYMAS,40.0,9832201.8
CGNA_PORT,GUSTAVO A MADERO,40.0,5922958.2
CGNA_PORT,HAINA,40.0,3016962.0
CGNA_PORT,HEREDIA,40.0,7078257.0
CGNA_PORT,HOSPITAL,40.0,7078257.0
CGNA_PORT,HOUSTON,40.0,7356745.8
CGNA_PORT,HUAROCHIRI,30.0,1192162.2
CGNA_PORT,HUECHURABA,40.0,2398098.0
CGNA_PORT,IMBITUBA,40.0,4254690.0
CGNA_PORT,INDEPENDENCIA,0.5,351090.5
CGNA_PORT,INDEPENDENCIA,2.0,363698.6
CGNA_PORT,INDEPENDENCIA,5.0,448122.1
CGNA_PORT,INDEPENDENCIA,7.0,675452.0
CGNA_PORT,INDEPENDENCIA,10.0,828308.2
CGNA_PORT,INDEPENDENCIA,30.0,1085201.2
CGNA_PORT,ITAJAI,40.0,2668851.0
CGNA_PORT,ITAMONTE,40.0,2236613.2
CGNA_PORT,ITAPECERICA DA SERRA,40.0,2236613.2
CGNA_PORT,ITAPOA,40.0,1917189.1
CGNA_PORT,ITUPEVA,40.0,2236613.2
CGNA_PORT,IZTACALCO,40.0,5922958.2
CGNA_PORT,JABOATAO DOS GUARARAPES,40.0,2236613.2
CGNA_PORT,JACAREI,40.0,2236613.2
CGNA_PORT,JARAGUA DO SUL,40.0,2236613.2
CGNA_PORT,JILOTEPEC,40.0,9994653.6
CGNA_PORT,JIUJIANG,40.0,2958943.5
CGNA_PORT,JOAO PESSOA,40.0,2236613.2
CGNA_PORT,JOINVILLE,40.0,2236613.2
CGNA_PORT,JUNDIAI,40.0,2236613.2
CGNA_PORT,LA GUAIRA,40.0,5612322.9
CGNA_PORT,LA LIBERTAD,40.0,7368349.5
CGNA_PORT,LA PAZ,40.0,4171530.2
CGNA_PORT,LA PORTE,40.0,7356745.8
CGNA_PORT,LA VICTORIA,0.5,351090.5
CGNA_PORT,LA VICTORIA,2.0,363698.6
CGNA_PORT,LA VICTORIA,5.0,448122.1
CGNA_PORT,LA VICTORIA,7.0,675452.0
CGNA_PORT,LA VICTORIA,10.0,828308.2
CGNA_PORT,LA VICTORIA,30.0,1085201.2
CGNA_PORT,LAMPA,40.0,2398098.0
CGNA_PORT,LE MARS,40.0,7356745.8
CGNA_PORT,LEIXOES,40.0,9027678.6
CGNA_PORT,LEOMINSTER,40.0,7356745.8
CGNA_PORT,LEON,40.0,5666473.5
CGNA_PORT,LEON DE LOS ALDAMA,40.0,5922958.2
CGNA_PORT,LERMA,40.0,5922958.2
CGNA_PORT,LIMA,40.0,2056433.5
CGNA_PORT,LOS OLIVOS,0.5,356694.1
CGNA_PORT,LOS OLIVOS,2.0,388914.6
CGNA_PORT,LOS OLIVOS,5.0,537288.3
CGNA_PORT,LOS OLIVOS,7.0,829723.5
CGNA_PORT,LOS OLIVOS,10.0,1017963.1
CGNA_PORT,LOS OLIVOS,30.0,1092350.1
CGNA_PORT,LOS TEQUES,40.0,5641332.2
CGNA_PORT,LURIN,0.5,397320.0
CGNA_PORT,LURIN,2.0,435144.1
CGNA_PORT,LURIN,5.0,602393.7
CGNA_PORT,LURIN,7.0,928797.0
CGNA_PORT,LURIN,10.0,1142512.6
CGNA_PORT,LURIN,30.0,1248195.8
CGNA_PORT,MACUL-SANTIAGO,40.0,2398098.0
CGNA_PORT,MAIPU,40.0,2398098.0
CGNA_PORT,MAIRIPORA,40.0,2236613.2
CGNA_PORT,MANAUS,40.0,2236613.2
CGNA_PORT,MANTA,40.0,2398098.0
CGNA_PORT,MANZANILLO,40.0,1999704.3
CGNA_PORT,MARACAY,40.0,5641332.2
CGNA_PORT,MAUA,40.0,2236613.2
CGNA_PORT,MIAMI,40.0,5221665.0
CGNA_PORT,MIGUEL HIDALGO,40.0,5922958.2
CGNA_PORT,MILTON,40.0,8211551.7
CGNA_PORT,MISSISSAUGA,40.0,8211551.7
CGNA_PORT,MIXCO,40.0,5193300.4
CGNA_PORT,MOCOCHA YUCATAN,40.0,5922958.2
CGNA_PORT,MOLINA DE SEGURA,40.0,3686108.7
CGNA_PORT,MONTREAL,40.0,7998817.2
CGNA_PORT,NAUCALPAN DE JUAREZ,40.0,5922958.2
CGNA_PORT,NAVEGANTES,40.0,1686404.4
CGNA_PORT,NEW YORK,40.0,3678372.9
CGNA_PORT,NORFOLK,40.0,3848560.5
CGNA_PORT,NUNOA,40.0,2398098.0
CGNA_PORT,OAXACA DE JUAREZ,40.0,5922958.2
CGNA_PORT,ORURO,40.0,4171530.2
CGNA_PORT,OVAR,40.0,9027678.6
CGNA_PORT,PACORA,40.0,1817913.0
CGNA_PORT,PAINE,40.0,2398098.0
CGNA_PORT,PALHOCA,40.0,2236613.2
CGNA_PORT,PARANAGUA,40.0,1972629.0
CGNA_PORT,PATERNA,40.0,3686108.7
CGNA_PORT,PATO BRANCO,40.0,2236613.2
CGNA_PORT,PATZICIA,40.0,5193300.4
CGNA_PORT,PAVAS,40.0,7078257.0
CGNA_PORT,PILAR,40.0,3256771.8
CGNA_PORT,PINHAIS,40.0,2236613.2
CGNA_PORT,POMBOS,40.0,2236613.2
CGNA_PORT,PORTO VELHO,40.0,2236613.2
CGNA_PORT,PROVIDENCIA,40.0,2398098.0
CGNA_PORT,PTO BARRIOS,40.0,2436777.0
CGNA_PORT,PUEBLA,40.0,5082420.6
CGNA_PORT,PUENTE PIEDRA,0.5,394518.2
CGNA_PORT,PUENTE PIEDRA,2.0,411328.9
CGNA_PORT,PUENTE PIEDRA,5.0,592486.4
CGNA_PORT,PUENTE PIEDRA,7.0,918889.7
CGNA_PORT,PUENTE PIEDRA,10.0,1128359.3
CGNA_PORT,PUENTE PIEDRA,30.0,1153830.5
CGNA_PORT,PUERTO CABELLO,40.0,5670341.4
CGNA_PORT,PUERTO PROGRESO,40.0,4011012.3
CGNA_PORT,QUEIMADAS,40.0,2236613.2
CGNA_PORT,QUEZALTEPEQUE,40.0,6743683.7
CGNA_PORT,QUILICURA,40.0,2398098.0
CGNA_PORT,QUINTA NORMAL,40.0,2398098.0
CGNA_PORT,QUITO,40.0,2398098.0
CGNA_PORT,RECIFE,40.0,2236613.2
CGNA_PORT,REG DE ECUADOR,40.0,2398098.0
CGNA_PORT,REG DE HONDURAS,40.0,6425871.2
CGNA_PORT,REG DE MEXICO,40.0,5922958.2
CGNA_PORT,REG DE PANAMA,40.0,1817913.0
CGNA_PORT,REG DE PERU,40.0,2056433.5
CGNA_PORT,REG DE REP. DOMINICANA,40.0,3016962.0
CGNA_PORT,REG DE VENEZUELA,40.0,5641332.2
CGNA_PORT,RFC DMX 000907 BD4,40.0,5922958.2
CGNA_PORT,RFC: FMC9312176Q2,40.0,5922958.2
CGNA_PORT,RIO CUARTO,40.0,3256771.8
CGNA_PORT,RIO DE JANEIRO,40.0,2407767.8
CGNA_PORT,RIO GRANDE,40.0,2053854.9
CGNA_PORT,RIO HAINA,40.0,3016962.0
CGNA_PORT,RIOBAMBA,40.0,2398098.0
CGNA_PORT,RODEIO,40.0,2236613.2
CGNA_PORT,ROSARIO,40.0,3256771.8
CGNA_PORT,SACATEPEQUEZ,40.0,5193300.4
CGNA_PORT,SAINT-PLACIDE,40.0,8211551.7
CGNA_PORT,SALVADOR,40.0,2479323.9
CGNA_PORT,SAN ANTONIO,40.0,2398098.0
CGNA_PORT,SAN BERNARDO,40.0,2398098.0
CGNA_PORT,SAN FRANCISCO,40.0,1817913.0
CGNA_PORT,SAN FRANCISCO DE DOS RIOS,40.0,7078257.0
CGNA_PORT,SAN JOSE,40.0,7078257.0
CGNA_PORT,SAN JOSE XALOSTOC ECATEPEC,40.0,5922958.2
CGNA_PORT,SAN JOSE- HONDURAS,40.0,6425871.2
CGNA_PORT,SAN JUAN,40.0,3279979.2
CGNA_PORT,SAN JUAN DE LOS MORROS,40.0,5641332.2
CGNA_PORT,SAN JUAN DEL RIO,40.0,5922958.2
CGNA_PORT,SAN JUAN LURIGANCHO,0.5,293653.9
CGNA_PORT,SAN JUAN LURIGANCHO,2.0,306261.9
CGNA_PORT,SAN JUAN LURIGANCHO,5.0,421230.8
CGNA_PORT,SAN JUAN LURIGANCHO,7.0,637237.9
CGNA_PORT,SAN JUAN LURIGANCHO,10.0,780186.8
CGNA_PORT,SAN JUAN LURIGANCHO,30.0,1009423.0
CGNA_PORT,SAN LUIS,0.5,293653.9
CGNA_PORT,SAN LUIS,2.0,306261.9
CGNA_PORT,SAN LUIS,5.0,421230.8
CGNA_PORT,SAN LUIS,7.0,637237.9
CGNA_PORT,SAN LUIS,10.0,780186.8
CGNA_PORT,SAN LUIS,30.0,1009423.0
CGNA_PORT,SAN LUIS POTOSI,40.0,5922958.2
CGNA_PORT,SAN MARTIN DE PORRES,0.5,356694.1
CGNA_PORT,SAN MARTIN DE PORRES,2.0,388914.6
CGNA_PORT,SAN MARTIN DE PORRES,5.0,537288.3
CGNA_PORT,SAN MARTIN DE PORRES,7.0,829723.5
CGNA_PORT,SAN MARTIN DE PORRES,10.0,1017963.1
CGNA_PORT,SAN MARTIN DE PORRES,30.0,1092350.1
CGNA_PORT,SAN NICOLAS,40.0,7078257.0
CGNA_PORT,SAN PEDRO SULA,40.0,5925622.8
CGNA_PORT,SAN SALVADOR,40.0,7482452.6
CGNA_PORT,SANTA ANITA,0.5,236217.3
CGNA_PORT,SANTA ANITA,2.0,247424.4
CGNA_PORT,SANTA ANITA,5.0,320742.0
CGNA_PORT,SANTA ANITA,7.0,494289.0
CGNA_PORT,SANTA ANITA,10.0,599023.9
CGNA_PORT,SANTA ANITA,30.0,809254.1
CGNA_PORT,SANTA CATARINA,40.0,5922958.2
CGNA_PORT,SANTA CRUZ,40.0,4171530.2
CGNA_PORT,SANTA CRUZ DO SUL,40.0,2236613.2
CGNA_PORT,SANTA ROSA JAUREGUI,40.0,5922958.2
CGNA_PORT,SANTA TECLA,40.0,6743683.7
CGNA_PORT,SANTIAGO,40.0,3016962.0
CGNA_PORT,SANTIAGO DE CHILE,40.0,2398098.0
CGNA_PORT,SANTIAGO DE SURCO,40.0,2056433.5
CGNA_PORT,SANTO DOMINGO,40.0,3016962.0
CGNA_PORT,SANTO TIRSO,40.0,9027678.6
CGNA_PORT,SANTO TOMAS DE CASTILLA,40.0,2661115.2
CGNA_PORT,SANTOS,40.0,1884956.6
CGNA_PORT,SAO BENTO DO SUL,40.0,2236613.2
CGNA_PORT,SAO BERNARDO DO CAMPO,40.0,2236613.2
CGNA_PORT,SAO JOSE,40.0,2236613.2
CGNA_PORT,SAO JOSE DOS PINHAIS,40.0,2236613.2
CGNA_PORT,SAO PAULO,40.0,2236613.2
CGNA_PORT,SAVANNAH,40.0,3055641.0
CGNA_PORT,SECTOR EL MAMON,40.0,5641332.2
CGNA_PORT,SHANGHAI,40.0,2173759.8
CGNA_PORT,SIERRA,40.0,2398098.0
CGNA_PORT,SILAO,40.0,6265998.0
CGNA_PORT,SOROCABA,40.0,2236613.2
CGNA_PORT,SPARTANBURG,40.0,7356745.8
CGNA_PORT,SUAPE,40.0,1740555.0
CGNA_PORT,SUMARE,40.0,2236613.2
CGNA_PORT,SUZHOU,40.0,2566351.7
CGNA_PORT,TAIZHOU,40.0,2566351.7
CGNA_PORT,TEGUCIGALPA,40.0,6425871.2
CGNA_PORT,TEGUCIPALGA,40.0,7360613.7
CGNA_PORT,TEPANCO DE LOPEZ,40.0,5922958.2
CGNA_PORT,TERRA NOVA,40.0,2236613.2
CGNA_PORT,TIBAS,40.0,7078257.0
CGNA_PORT,TIETE,40.0,2236613.2
CGNA_PORT,TIGRE,40.0,3256771.8
CGNA_PORT,TLALNEPANTLA,40.0,5922958.2
CGNA_PORT,TLALNEPANTLA DE BAZ,40.0,5922958.2
CGNA_PORT,TLALPAN,40.0,5922958.2
CGNA_PORT,TOLUCA,40.0,5922958.2
CGNA_PORT,TORONTO,40.0,8424286.2
CGNA_PORT,TRES PONTAS,40.0,2236613.2
CGNA_PORT,TULTITLAN,40.0,5922958.2
CGNA_PORT,TURMERO,40.0,5641332.2
CGNA_PORT,UMAN,40.0,5922958.2
CGNA_PORT,URUCA,40.0,7078257.0
CGNA_PORT,URUSSANGA,40.0,2236613.2
CGNA_PORT,VALENCIA,40.0,3686108.7
CGNA_PORT,VALPARAISO,40.0,2398098.0
CGNA_PORT,VANCOUVER,40.0,8211551.7
CGNA_PORT,VARGINHA,40.0,2236613.2
CGNA_PORT,VENANCIO AIRES,40.0,2236613.2
CGNA_PORT,VENUSTIANO CARRANZA,40.0,5922958.2
CGNA_PORT,VERACRUZ,40.0,1848856.2
CGNA_PORT,VILLA DEL TOTORAL,40.0,3256771.8
CGNA_PORT,VILLA EL SALVADOR,0.5,394518.2
CGNA_PORT,VILLA EL SALVADOR,2.0,411328.9
CGNA_PORT,VILLA EL SALVADOR,5.0,592486.4
CGNA_PORT,VILLA EL SALVADOR,7.0,918889.7
CGNA_PORT,VILLA EL SALVADOR,10.0,1128359.3
CGNA_PORT,VILLA EL SALVADOR,30.0,1153830.5
CGNA_PORT,VILLANUEVA,40.0,6295651.9
CGNA_PORT,VIRGINIA,40.0,7356745.8
CGNA_PORT,VITACURA,40.0,2398098.0
CGNA_PORT,VITORIA DA CONQUISTA,40.0,2236613.2
CGNA_PORT,ZACAPU,40.0,5922958.2
CGNA_PORT,ZAPOPAN,40.0,5922958.2
CGNA_PORT,ZARAGOZA,40.0,6743683.7
CGNA_PORT,ZARATE,40.0,3680306.9
MB_PLANT,ABOD,1.0,153600.0
MB_PLANT,ACAJUTLA,40.0,4641480.0
MB_PLANT,ATE,5.0,320742.0
MB_PLANT,ATE,7.0,494289.0
MB_PLANT,BALBOA,40.0,1817913.0
MB_PLANT,BARRANQUILLA,1.0,80000.0
MB_PLANT,BBOD,1.0,166400.0
MB_PLANT,BOGOTA,1.0,166400.0
MB_PLANT,BOGOTA PERIM URBANO,1.0,166400.0
MB_PLANT,BRENA,7.0,675452.0
MB_PLANT,BUCARAMANGA,1.0,97059.0
MB_PLANT,CALI,1.0,173000.0
MB_PLANT,CALI/FUE/PERIM/URB,1.0,173000.0
MB_PLANT,CALOTO,1.0,180000.0
MB_PLANT,CARTAGENA,1.0,1000.0
MB_PLANT,CBOD,1.0,173000.0
MB_PLANT,CGNA_PORT,999.0,1.0
MB_PLANT,CROSS,1.0,34000.0
MB_PLANT,CUCUTA,1.0,154000.0
MB_PLANT,GINEBRA,1.0,160000.0
MB_PLANT,MEDELLIN,1.0,153600.0
MB_PLANT,MEDELLIN/FUE/PERIM/URB,1.0,153600.0
MB_PLANT,PEREIRA,1.0,176380.0
MB_PLANT,PGI,1.0,195000.0
MB_PLANT,RIONEGRO,1.0,153600.0
MB_PLANT,TOCANCIPA,1.0,160000.0
MB_PLANT,YOPAL,1.0,166400.0
