,mes,familia,id_ciudad_origen,id_ciudad_destino,cantidad,Unnamed: 0,capacidad,costo,Unnamed: 5,Unnamed: 6,Unnamed: 7,Unnamed: 8
2,1,ADITIVOS,CGNA_PORT,PALMIRA,0.07500000000000001,,,,,,,
13,1,COPOLIMERO IMPACTO,CGNA_PORT,BOGOTA,50.0,,,,,,,
16,1,COPOLIMERO IMPACTO,CGNA_PORT,CARTAGENA,27.45,,,,,,,
25,1,COPOLIMERO IMPACTO,CGNA_PORT,GUACHENE,23.0,,,,,,,
60,1,COPOLIMERO IMPACTO,CGNA_PORT,TOCANCIPA,34.0,,,,,,,
62,1,COPOLIMERO IMPACTO,CGNA_PORT,VILLA RICA,16.0,,,,,,,
65,1,COPOLIMERO IMPACTO,CGNA_PORT,ZIPAQUIRA,1.5,,,,,,,
66,1,COPOLIMERO IMPACTO,CGNA_PORT,ZONA FRANCA RIONEGRO ANTIOQUIA,11.375,,,,,,,
68,1,COPOLIMERO RANDOM,CGNA_PORT,ATE,13.5,,,,,,,
70,1,COPOLIMERO RANDOM,CGNA_PORT,BOGOTA,33.5,,,,,,,
76,1,COPOLIMERO RANDOM,CGNA_PORT,CARTAGENA,109.775,,,,,,,
85,1,COPOLIMERO RANDOM,CGNA_PORT,GUACHENE,10.0,,,,,,,
99,1,COPOLIMERO RANDOM,CGNA_PORT,PALMIRA,26.4,,,,,,,
115,1,COPOLIMERO RANDOM,CGNA_PORT,VILLA RICA,20.0,,,,,,,
120,1,HOMOPOLIMERO,CGNA_PORT,ATE,13.5,,,,,,,
122,1,HOMOPOLIMERO,CGNA_PORT,BOGOTA,11.0,,,,,,,
129,1,HOMOPOLIMERO,CGNA_PORT,CARTAGENA,442.84999999999997,,,,,,,
140,1,HOMOPOLIMERO,CGNA_PORT,GUACHENE,68.0,,,,,,,
157,1,HOMOPOLIMERO,CGNA_PORT,"MOCOCHA, YUCATAN",48.0,,,,,,,
161,1,HOMOPOLIMERO,CGNA_PORT,PALMIRA,2169.6,,,,,,,
171,1,HOMOPOLIMERO,CGNA_PORT,RIONEGRO,34.0,,,,,,,
180,1,HOMOPOLIMERO,CGNA_PORT,"SECTOR EL MAMON, ARAGUA",25.0,,,,,,,
181,1,HOMOPOLIMERO,CGNA_PORT,SIBERIA,10.0,,,,,,,
183,1,HOMOPOLIMERO,CGNA_PORT,TOCANCIPA,1.0,,,,,,,
186,1,HOMOPOLIMERO,CGNA_PORT,VILLA RICA,3.0,,,,,,,
190,1,LDPE POLIFEN 641,CGNA_PORT,CARTAGENA,1.0,,,,,,,
194,1,LDPE POLIFEN 641,CGNA_PORT,TOCANCIPA,8.0,,,,,,,
195,1,LDPE POLIFEN 641,CGNA_PORT,VILLA RICA,1.0,,,,,,,
196,1,LLDPE BUT (M.I. 1)CA,CGNA_PORT,CARTAGENA,36.6,,,,,,,
201,1,MASTERB. BLANCO B.PE,CGNA_PORT,GUACHENE,0.025,,,,,,,
204,1,MASTERB. BLANCO B.PE,CGNA_PORT,TOCANCIPA,0.05,,,,,,,
205,1,MASTERB. BLANCO B.PP,CGNA_PORT,CARTAGENA,0.975,,,,,,,
210,1,MASTERB. NEGRO B.PE,CGNA_PORT,TOCANCIPA,0.30000000000000004,,,,,,,
213,1,MASTERB. NEGRO B.PP,CGNA_PORT,VILLA RICA,2.975,,,,,,,
215,1,MASTERBATCH DE COLOR,CGNA_PORT,CALOTO,0.2,,,,,,,
216,1,MASTERBATCH DE COLOR,CGNA_PORT,FUNZA,2.0,,,,,,,
219,1,MASTERBATCH DE COLOR,CGNA_PORT,TOCANCIPA,1.7819999999999998,,,,,,,
220,1,OTROS COMPUESTOS,CGNA_PORT,CALOTO,0.006,,,,,,,
225,1,OTROS COMPUESTOS,CGNA_PORT,TOCANCIPA,0.012,,,,,,,
228,1,RESINAS GRANULAR,CGNA_PORT,CARTAGENA,11.699,,,,,,,
230,2,ADITIVOS,CGNA_PORT,CALOTO,11.0,,,,,,,
231,2,ADITIVOS,CGNA_PORT,GUACHENE,0.5,,,,,,,
234,2,ADITIVOS,CGNA_PORT,RIONEGRO,0.15,,,,,,,
244,2,COPOLIMERO IMPACTO,CGNA_PORT,BOGOTA,35.0,,,,,,,
248,2,COPOLIMERO IMPACTO,CGNA_PORT,CARTAGENA,29.0,,,,,,,
252,2,COPOLIMERO IMPACTO,CGNA_PORT,"CIUDAD HABANA, CUBA",10.0,,,,,,,
256,2,COPOLIMERO IMPACTO,CGNA_PORT,GUACHENE,25.0,,,,,,,
269,2,COPOLIMERO IMPACTO,CGNA_PORT,MIRANDA,54.0,,,,,,,
286,2,COPOLIMERO IMPACTO,CGNA_PORT,TOCANCIPA,68.0,,,,,,,
290,2,COPOLIMERO IMPACTO,CGNA_PORT,VILLA RICA,30.0,,,,,,,
294,2,COPOLIMERO IMPACTO,CGNA_PORT,ZONA FRANCA RIONEGRO ANTIOQUIA,16.325,,,,,,,
299,2,COPOLIMERO RANDOM,CGNA_PORT,BOGOTA,50.0,,,,,,,
301,2,COPOLIMERO RANDOM,CGNA_PORT,CALOTO,8.0,,,,,,,
303,2,COPOLIMERO RANDOM,CGNA_PORT,CARTAGENA,131.0,,,,,,,
308,2,COPOLIMERO RANDOM,CGNA_PORT,"CIUDAD HABANA, CUBA",25.0,,,,,,,
311,2,COPOLIMERO RANDOM,CGNA_PORT,GUACHENE,10.0,,,,,,,
319,2,COPOLIMERO RANDOM,CGNA_PORT,JAPAN,0.1,,,,,,,
357,2,HOMOPOLIMERO,CGNA_PORT,BARRANQUILLA,2.0,,,,,,,
360,2,HOMOPOLIMERO,CGNA_PORT,BOGOTA,11.5,,,,,,,
369,2,HOMOPOLIMERO,CGNA_PORT,CARTAGENA,524.95,,,,,,,
370,2,HOMOPOLIMERO,CGNA_PORT,CARTAGO,96.0,,,,,,,
374,2,HOMOPOLIMERO,CGNA_PORT,"CIUDAD HABANA, CUBA",22.0,,,,,,,
379,2,HOMOPOLIMERO,CGNA_PORT,GUACHENE,102.0,,,,,,,
395,2,HOMOPOLIMERO,CGNA_PORT,MIRANDA,54.0,,,,,,,
397,2,HOMOPOLIMERO,CGNA_PORT,"MOCOCHA, YUCATAN",24.0,,,,,,,
399,2,HOMOPOLIMERO,CGNA_PORT,PALMIRA,1783.1999999999998,,,,,,,
420,2,HOMOPOLIMERO,CGNA_PORT,SIBERIA,10.0,,,,,,,
432,2,LDPE POLIFEN 641,CGNA_PORT,CARTAGENA,1.0,,,,,,,
436,2,LLDPE BUT (M.I. 1)CA,CGNA_PORT,CARTAGENA,25.5,,,,,,,
438,2,LLDPE HEXENO,CGNA_PORT,CARTAGENA,25.5,,,,,,,
446,2,MASTERB. BLANCO B.PE,CGNA_PORT,TOCANCIPA,0.375,,,,,,,
447,2,MASTERB. BLANCO B.PP,CGNA_PORT,CARTAGENA,0.975,,,,,,,
449,2,MASTERB. BLANCO B.PP,CGNA_PORT,PALMIRA,9.5,,,,,,,
450,2,MASTERB. BLANCO B.PS,CGNA_PORT,CARTAGENA,0.5,,,,,,,
452,2,MASTERB. NEGRO B.PE,CGNA_PORT,TOCANCIPA,0.3,,,,,,,
453,2,MASTERB. NEGRO B.PP,CGNA_PORT,GUACHENE,2.0,,,,,,,
454,2,MASTERB. NEGRO B.PP,CGNA_PORT,TOCANCIPA,0.075,,,,,,,
455,2,MASTERB. NEGRO B.PP,CGNA_PORT,VILLA RICA,1.0,,,,,,,
457,2,MASTERBATCH DE COLOR,CGNA_PORT,FUNZA,0.625,,,,,,,
461,2,MASTERBATCH DE COLOR,CGNA_PORT,TOCANCIPA,3.487,,,,,,,
469,2,OTROS COMPUESTOS,CGNA_PORT,TOCANCIPA,0.009000000000000001,,,,,,,
472,2,PP REF.FIBRA  VIDRIO,CGNA_PORT,ZONA FRANCA RIONEGRO ANTIOQUIA,0.25,,,,,,,
473,2,RESINAS GRANULAR,CGNA_PORT,CARTAGENA,185.82500000000002,,,,,,,
474,3,ADITIVOS,CGNA_PORT,GUARNE,0.15,,,,,,,
484,3,COPOLIMERO IMPACTO,CGNA_PORT,ATE,12.0,,,,,,,
487,3,COPOLIMERO IMPACTO,CGNA_PORT,BOGOTA,40.0,,,,,,,
491,3,COPOLIMERO IMPACTO,CGNA_PORT,CARTAGENA,33.4,,,,,,,
495,3,COPOLIMERO IMPACTO,CGNA_PORT,CIUDAD HABANA. CUBA,25.0,,,,,,,
509,3,COPOLIMERO IMPACTO,CGNA_PORT,MIRANDA,27.0,,,,,,,
511,3,COPOLIMERO IMPACTO,CGNA_PORT,"MOCOCHA, YUCATAN",24.0,,,,,,,
530,3,COPOLIMERO IMPACTO,CGNA_PORT,TOCANCIPA,102.0,,,,,,,
533,3,COPOLIMERO IMPACTO,CGNA_PORT,VILLA RICA,91.0,,,,,,,
535,3,COPOLIMERO IMPACTO,CGNA_PORT,ZIPAQUIRA,6.175,,,,,,,
536,3,COPOLIMERO RANDOM,CGNA_PORT,AFULA,24.0,,,,,,,
539,3,COPOLIMERO RANDOM,CGNA_PORT,ATE,15.0,,,,,,,
540,3,COPOLIMERO RANDOM,CGNA_PORT,BARRANQUILLA,2.5,,,,,,,
542,3,COPOLIMERO RANDOM,CGNA_PORT,BOGOTA,3.5,,,,,,,
545,3,COPOLIMERO RANDOM,CGNA_PORT,CALOTO,10.0,,,,,,,
549,3,COPOLIMERO RANDOM,CGNA_PORT,CARTAGENA,111.0,,,,,,,
572,3,COPOLIMERO RANDOM,CGNA_PORT,PALMIRA,52.8,,,,,,,
591,3,COPOLIMERO RANDOM,CGNA_PORT,VILLA RICA,34.0,,,,,,,
598,3,HOMOPOLIMERO,CGNA_PORT,APARTADO,0.15,,,,,,,
600,3,HOMOPOLIMERO,CGNA_PORT,ATE,54.0,,,,,,,
601,3,HOMOPOLIMERO,CGNA_PORT,BARRANQUILLA,3.1,,,,,,,
602,3,HOMOPOLIMERO,CGNA_PORT,BOGOTA,2.0,,,,,,,
612,3,HOMOPOLIMERO,CGNA_PORT,CARTAGENA,440.4,,,,,,,
623,3,HOMOPOLIMERO,CGNA_PORT,GUACHENE,68.0,,,,,,,
641,3,HOMOPOLIMERO,CGNA_PORT,MIRANDA,43.75,,,,,,,
649,3,HOMOPOLIMERO,CGNA_PORT,PALMIRA,2152.7999999999997,,,,,,,
658,3,HOMOPOLIMERO,CGNA_PORT,REG DE PARAGUAY,21.0,,,,,,,
660,3,HOMOPOLIMERO,CGNA_PORT,RIONEGRO,238.0,,,,,,,
672,3,HOMOPOLIMERO,CGNA_PORT,SIBERIA,28.0,,,,,,,
677,3,HOMOPOLIMERO,CGNA_PORT,TRINIDAD,16.75,,,,,,,
681,3,HOMOPOLIMERO,CGNA_PORT,VILLA RICA,1.0,,,,,,,
685,3,LDPE POLIFEN 641,CGNA_PORT,VILLA RICA,1.0,,,,,,,
686,3,LDPE USO GENERAL,CGNA_PORT,CARTAGENA,51.0,,,,,,,
688,3,LLDPE BUT (M.I. 1)CA,CGNA_PORT,CARTAGENA,31.5,,,,,,,
690,3,MASTERB. BLANCO B.PE,CGNA_PORT,GUACHENE,0.025,,,,,,,
694,3,MASTERB. BLANCO B.PE,CGNA_PORT,TOCANCIPA,0.25,,,,,,,
695,3,MASTERB. BLANCO B.PE,CGNA_PORT,VILLA RICA,1.0,,,,,,,
696,3,MASTERB. BLANCO B.PP,CGNA_PORT,PALMIRA,12.0,,,,,,,
698,3,MASTERB. BLANCO B.PS,CGNA_PORT,CARTAGENA,0.5,,,,,,,
706,3,MASTERBATCH DE COLOR,CGNA_PORT,BOGOTA,0.575,,,,,,,
707,3,MASTERBATCH DE COLOR,CGNA_PORT,CALOTO,0.268,,,,,,,
709,3,MASTERBATCH DE COLOR,CGNA_PORT,FUNZA,1.4,,,,,,,
714,3,MASTERBATCH DE COLOR,CGNA_PORT,TOCANCIPA,1.798,,,,,,,
718,3,OTROS COMPUESTOS,CGNA_PORT,"DE CAGUA,EDO.ARAGUA",0.2,,,,,,,
721,3,OTROS COMPUESTOS,CGNA_PORT,PUERTO TEJADA,0.01,,,,,,,
724,3,PP REF.FIBRA  VIDRIO,CGNA_PORT,ZONA FRANCA RIONEGRO ANTIOQUIA,2.6750000000000003,,,,,,,
726,3,RESINAS GRANULAR,CGNA_PORT,CARTAGENA,57.608000000000004,,,,,,,
732,4,ADITIVOS,CGNA_PORT,PALMIRA,0.7,,,,,,,
739,4,COMPUESTOS FLEXIBLES,CGNA_PORT,BOGOTA,0.3,,,,,,,
741,4,COPOLIMERO IMPACTO,CGNA_PORT,ATE,12.0,,,,,,,
744,4,COPOLIMERO IMPACTO,CGNA_PORT,BOGOTA,60.55,,,,,,,
749,4,COPOLIMERO IMPACTO,CGNA_PORT,CARTAGENA,14.549999999999999,,,,,,,
754,4,COPOLIMERO IMPACTO,CGNA_PORT,GUACHENE,13.0,,,,,,,
775,4,COPOLIMERO IMPACTO,CGNA_PORT,TOCANCIPA,63.35,,,,,,,
776,4,COPOLIMERO IMPACTO,CGNA_PORT,VILLA RICA,63.0,,,,,,,
779,4,COPOLIMERO IMPACTO,CGNA_PORT,ZONA FRANCA RIONEGRO ANTIOQUIA,5.675,,,,,,,
780,4,COPOLIMERO RANDOM,CGNA_PORT,AFULA,24.0,,,,,,,
781,4,COPOLIMERO RANDOM,CGNA_PORT,ATE,15.0,,,,,,,
782,4,COPOLIMERO RANDOM,CGNA_PORT,BARRANQUILLA,3.0,,,,,,,
785,4,COPOLIMERO RANDOM,CGNA_PORT,BOGOTA,27.0,,,,,,,
789,4,COPOLIMERO RANDOM,CGNA_PORT,CALOTO,8.0,,,,,,,
793,4,COPOLIMERO RANDOM,CGNA_PORT,CARTAGENA,11.0,,,,,,,
799,4,COPOLIMERO RANDOM,CGNA_PORT,GUACHENE,7.0,,,,,,,
811,4,COPOLIMERO RANDOM,CGNA_PORT,MIRANDA,27.0,,,,,,,
813,4,COPOLIMERO RANDOM,CGNA_PORT,PALMIRA,33.6,,,,,,,
820,4,COPOLIMERO RANDOM,CGNA_PORT,VILLA RICA,15.425,,,,,,,
830,4,HOMOPOLIMERO,CGNA_PORT,ATE,27.0,,,,,,,
832,4,HOMOPOLIMERO,CGNA_PORT,BARRANQUILLA,1.0,,,,,,,
835,4,HOMOPOLIMERO,CGNA_PORT,BOGOTA,11.5,,,,,,,
841,4,HOMOPOLIMERO,CGNA_PORT,CALOTO,30.0,,,,,,,
845,4,HOMOPOLIMERO,CGNA_PORT,CARTAGENA,456.29999999999995,,,,,,,
846,4,HOMOPOLIMERO,CGNA_PORT,CARTAGO,96.0,,,,,,,
852,4,HOMOPOLIMERO,CGNA_PORT,"CIUDAD HABANA, CUBA",25.0,,,,,,,
858,4,HOMOPOLIMERO,CGNA_PORT,GUACHENE,102.0,,,,,,,
882,4,HOMOPOLIMERO,CGNA_PORT,PALMIRA,2332.7999999999997,,,,,,,
898,4,HOMOPOLIMERO,CGNA_PORT,SIBERIA,12.0,,,,,,,
905,4,HOMOPOLIMERO,CGNA_PORT,VILLA RICA,2.0,,,,,,,
909,4,LDPE POLIFEN 641,CGNA_PORT,VILLA RICA,1.0,,,,,,,
910,4,LDPE USO GENERAL,CGNA_PORT,CARTAGENA,48.95,,,,,,,
911,4,MASTERB. BLANCO B.PE,CGNA_PORT,BOGOTA,0.3,,,,,,,
918,4,MASTERB. BLANCO B.PP,CGNA_PORT,PALMIRA,4.5,,,,,,,
919,4,MASTERB. NEGRO B.PE,CGNA_PORT,FUNZA,4.0,,,,,,,
923,4,MASTERB. NEGRO B.PE,CGNA_PORT,TOCANCIPA,0.3,,,,,,,
924,4,MASTERB. NEGRO B.PP,CGNA_PORT,GUACHENE,2.0,,,,,,,
925,4,MASTERB. NEGRO B.PP,CGNA_PORT,TOCANCIPA,0.15,,,,,,,
926,4,MASTERB. NEGRO B.PP,CGNA_PORT,VILLA RICA,2.0,,,,,,,
927,4,MASTERBATCH DE COLOR,CGNA_PORT,BOGOTA,1.425,,,,,,,
928,4,MASTERBATCH DE COLOR,CGNA_PORT,CALOTO,0.132,,,,,,,
933,4,MASTERBATCH DE COLOR,CGNA_PORT,TOCANCIPA,3.0949999999999998,,,,,,,
937,4,OTROS COMPUESTOS,CGNA_PORT,TOCANCIPA,0.008,,,,,,,
942,4,PP REF.FIBRA  VIDRIO,CGNA_PORT,ZONA FRANCA RIONEGRO ANTIOQUIA,1.675,,,,,,,
945,4,RESINAS GRANULAR,CGNA_PORT,CARTAGENA,115.571,,,,,,,
960,5,COPOLIMERO IMPACTO,CGNA_PORT,ATE,9.0,,,,,,,
962,5,COPOLIMERO IMPACTO,CGNA_PORT,BOGOTA,50.0,,,,,,,
969,5,COPOLIMERO IMPACTO,CGNA_PORT,CARTAGENA,45.2,,,,,,,
986,5,COPOLIMERO IMPACTO,CGNA_PORT,MIRANDA,27.0,,,,,,,
1001,5,COPOLIMERO IMPACTO,CGNA_PORT,TOCANCIPA,136.0,,,,,,,
1006,5,COPOLIMERO IMPACTO,CGNA_PORT,VILLA RICA,88.0,,,,,,,
1009,5,COPOLIMERO IMPACTO,CGNA_PORT,ZONA FRANCA RIONEGRO ANTIOQUIA,10.2,,,,,,,
1010,5,COPOLIMERO RANDOM,CGNA_PORT,AFULA,24.0,,,,,,,
1012,5,COPOLIMERO RANDOM,CGNA_PORT,BARRANQUILLA,1.5,,,,,,,
1015,5,COPOLIMERO RANDOM,CGNA_PORT,BOGOTA,22.0,,,,,,,
1022,5,COPOLIMERO RANDOM,CGNA_PORT,CARTAGENA,107.85,,,,,,,
1030,5,COPOLIMERO RANDOM,CGNA_PORT,GALAPA,1.0,,,,,,,
1031,5,COPOLIMERO RANDOM,CGNA_PORT,GUACHENE,8.0,,,,,,,
1040,5,COPOLIMERO RANDOM,CGNA_PORT,KRALICE NA HANE,0.25,,,,,,,
1046,5,COPOLIMERO RANDOM,CGNA_PORT,PALMIRA,52.8,,,,,,,
1068,5,COPOLIMERO RANDOM,CGNA_PORT,VILLA RICA,53.0,,,,,,,
1079,5,HOMOPOLIMERO,CGNA_PORT,ATE,45.0,,,,,,,
1080,5,HOMOPOLIMERO,CGNA_PORT,BARRANQUILLA,2.5,,,,,,,
1082,5,HOMOPOLIMERO,CGNA_PORT,BOGOTA,11.0,,,,,,,
1089,5,HOMOPOLIMERO,CGNA_PORT,CARTAGENA,547.8,,,,,,,
1090,5,HOMOPOLIMERO,CGNA_PORT,CARTAGO,144.0,,,,,,,
1099,5,HOMOPOLIMERO,CGNA_PORT,GALAPA,1.5,,,,,,,
1102,5,HOMOPOLIMERO,CGNA_PORT,GUACHENE,136.0,,,,,,,
1112,5,HOMOPOLIMERO,CGNA_PORT,KRALICE NA HANE,0.25,,,,,,,
1118,5,HOMOPOLIMERO,CGNA_PORT,LUDWIGSHAFEN,0.012,,,,,,,
1122,5,HOMOPOLIMERO,CGNA_PORT,MIRANDA,27.0,,,,,,,
1123,5,HOMOPOLIMERO,CGNA_PORT,"MOCOCHA, YUCATAN",48.0,,,,,,,
1126,5,HOMOPOLIMERO,CGNA_PORT,PALMIRA,1946.3999999999999,,,,,,,
1135,5,HOMOPOLIMERO,CGNA_PORT,RIONEGRO,204.0,,,,,,,
1154,5,HOMOPOLIMERO,CGNA_PORT,VILLA RICA,3.0,,,,,,,
1160,5,LDPE POLIFEN 641,CGNA_PORT,VILLA RICA,1.0,,,,,,,
1165,5,MASTERB. BLANCO B.PE,CGNA_PORT,BOGOTA,0.3,,,,,,,
1167,5,MASTERB. BLANCO B.PE,CGNA_PORT,FUNZA,0.475,,,,,,,
1168,5,MASTERB. BLANCO B.PE,CGNA_PORT,GUACHENE,0.025,,,,,,,
1172,5,MASTERB. BLANCO B.PE,CGNA_PORT,RIONEGRO,2.3,,,,,,,
1174,5,MASTERB. BLANCO B.PE,CGNA_PORT,TOCANCIPA,0.575,,,,,,,
1175,5,MASTERB. BLANCO B.PP,CGNA_PORT,PALMIRA,7.5,,,,,,,
1179,5,MASTERB. NEGRO B.PE,CGNA_PORT,FUNZA,4.0,,,,,,,
1181,5,MASTERB. NEGRO B.PP,CGNA_PORT,VILLA RICA,1.825,,,,,,,
1182,5,MASTERBATCH DE COLOR,CGNA_PORT,BOGOTA,1.399,,,,,,,
1183,5,MASTERBATCH DE COLOR,CGNA_PORT,CALOTO,0.142,,,,,,,
1189,5,MASTERBATCH DE COLOR,CGNA_PORT,TOCANCIPA,3.15,,,,,,,
1199,5,OTROS COMPUESTOS,CGNA_PORT,TOCANCIPA,0.023,,,,,,,
1205,5,PP REF.FIBRA  VIDRIO,CGNA_PORT,ZONA FRANCA RIONEGRO ANTIOQUIA,0.775,,,,,,,
1207,5,RESINAS GRANULAR,CGNA_PORT,CARTAGENA,153.18099999999998,,,,,,,
1209,5,TERPOLIMEROS,CGNA_PORT,CARTAGENA,0.025,,,,,,,
1213,6,ADITIVOS,CGNA_PORT,GUACHENE,0.45,,,,,,,
1222,6,ANTIFIBRILANTES,CGNA_PORT,RIONEGRO,60.0,,,,,,,
1230,6,COPOLIMERO IMPACTO,CGNA_PORT,BOGOTA,52.0,,,,,,,
1235,6,COPOLIMERO IMPACTO,CGNA_PORT,CARTAGENA,48.7,,,,,,,
1247,6,COPOLIMERO IMPACTO,CGNA_PORT,GUACHENE,12.0,,,,,,,
1258,6,COPOLIMERO IMPACTO,CGNA_PORT,MIRANDA,27.0,,,,,,,
1276,6,COPOLIMERO IMPACTO,CGNA_PORT,TOCANCIPA,116.0,,,,,,,
1280,6,COPOLIMERO IMPACTO,CGNA_PORT,VILLA RICA,71.0,,,,,,,
1283,6,COPOLIMERO IMPACTO,CGNA_PORT,ZIPAQUIRA,10.0,,,,,,,
1286,6,COPOLIMERO RANDOM,CGNA_PORT,BOGOTA,37.0,,,,,,,
1289,6,COPOLIMERO RANDOM,CGNA_PORT,CALOTO,20.0,,,,,,,
1292,6,COPOLIMERO RANDOM,CGNA_PORT,CARTAGENA,57.25,,,,,,,
1300,6,COPOLIMERO RANDOM,CGNA_PORT,GUACHENE,8.0,,,,,,,
1314,6,COPOLIMERO RANDOM,CGNA_PORT,PALMIRA,26.4,,,,,,,
1342,6,HOMOPOLIMERO,CGNA_PORT,ATE,27.0,,,,,,,
1344,6,HOMOPOLIMERO,CGNA_PORT,BOGOTA,12.0,,,,,,,
1355,6,HOMOPOLIMERO,CGNA_PORT,CARTAGENA,516.25,,,,,,,
1356,6,HOMOPOLIMERO,CGNA_PORT,CARTAGO,120.0,,,,,,,
1372,6,HOMOPOLIMERO,CGNA_PORT,GUACHENE,102.0,,,,,,,
1389,6,HOMOPOLIMERO,CGNA_PORT,MIRANDA,27.0,,,,,,,
1394,6,HOMOPOLIMERO,CGNA_PORT,PALMIRA,1849.9379999999999,,,,,,,
1404,6,HOMOPOLIMERO,CGNA_PORT,RIONEGRO,95.0,,,,,,,
1420,6,HOMOPOLIMERO,CGNA_PORT,VILLA RICA,1.0,,,,,,,
1426,6,LDPE POLIFEN 641,CGNA_PORT,VILLA RICA,1.0,,,,,,,
1432,6,MASTERB. BLANCO B.PE,CGNA_PORT,BOGOTA,0.2,,,,,,,
1439,6,MASTERB. BLANCO B.PE,CGNA_PORT,RIONEGRO,3.7,,,,,,,
1441,6,MASTERB. BLANCO B.PP,CGNA_PORT,CARTAGENA,1.0,,,,,,,
1443,6,MASTERB. BLANCO B.PP,CGNA_PORT,PALMIRA,6.0,,,,,,,
1452,6,MASTERB. NEGRO B.PP,CGNA_PORT,GUACHENE,2.0,,,,,,,
1454,6,MASTERB. NEGRO B.PP,CGNA_PORT,VILLA RICA,10.675,,,,,,,
1455,6,MASTERBATCH DE COLOR,CGNA_PORT,BOGOTA,0.8500000000000001,,,,,,,
1456,6,MASTERBATCH DE COLOR,CGNA_PORT,CALOTO,0.358,,,,,,,
1465,6,MASTERBATCH DE COLOR,CGNA_PORT,TOCANCIPA,2.075,,,,,,,
1468,6,OTROS COMPUESTOS,CGNA_PORT,CARTAGENA,0.005,,,,,,,
1476,6,OTROS COMPUESTOS,CGNA_PORT,TOCANCIPA,0.003,,,,,,,
1483,6,RESINAS GRANULAR,CGNA_PORT,CARTAGENA,2.483,,,,,,,
1488,7,ADITIVOS,CGNA_PORT,CALOTO,6.0,,,,,,,
1493,7,ADITIVOS,CGNA_PORT,RIONEGRO,0.35,,,,,,,
1496,7,ANTIFIBRILANTES,CGNA_PORT,CARTAGENA,0.025,,,,,,,
1505,7,COPOLIMERO IMPACTO,CGNA_PORT,BOGOTA,56.5,,,,,,,
1511,7,COPOLIMERO IMPACTO,CGNA_PORT,CARTAGENA,56.650000000000006,,,,,,,
1515,7,COPOLIMERO IMPACTO,CGNA_PORT,"CIUDAD HABANA, CUBA",0.2,,,,,,,
1521,7,COPOLIMERO IMPACTO,CGNA_PORT,GUACHENE,13.0,,,,,,,
1529,7,COPOLIMERO IMPACTO,CGNA_PORT,"MOCOCHA, YUCATAN",24.0,,,,,,,
1542,7,COPOLIMERO IMPACTO,CGNA_PORT,TOCANCIPA,121.55,,,,,,,
1545,7,COPOLIMERO IMPACTO,CGNA_PORT,VILLA RICA,14.0,,,,,,,
1547,7,COPOLIMERO IMPACTO,CGNA_PORT,ZONA FRANCA RIONEGRO ANTIOQUIA,10.1,,,,,,,
1550,7,COPOLIMERO RANDOM,CGNA_PORT,BOGOTA,28.0,,,,,,,
1554,7,COPOLIMERO RANDOM,CGNA_PORT,CARTAGENA,93.0,,,,,,,
1562,7,COPOLIMERO RANDOM,CGNA_PORT,GUACHENE,8.0,,,,,,,
1574,7,COPOLIMERO RANDOM,CGNA_PORT,PALMIRA,26.4,,,,,,,
1584,7,COPOLIMERO RANDOM,CGNA_PORT,VILLA RICA,68.0,,,,,,,
1587,7,HDPE HMW BIMODAL,CGNA_PORT,CARTAGENA,0.1,,,,,,,
1596,7,HOMOPOLIMERO,CGNA_PORT,BOGOTA,10.0,,,,,,,
1605,7,HOMOPOLIMERO,CGNA_PORT,CARTAGENA,369.9,,,,,,,
1606,7,HOMOPOLIMERO,CGNA_PORT,CARTAGO,120.0,,,,,,,
1617,7,HOMOPOLIMERO,CGNA_PORT,"DE CAGUA,EDO.ARAGUA",82.0,,,,,,,
1621,7,HOMOPOLIMERO,CGNA_PORT,GUACHENE,102.0,,,,,,,
1632,7,HOMOPOLIMERO,CGNA_PORT,LA VICTORIA,27.0,,,,,,,
1633,7,HOMOPOLIMERO,CGNA_PORT,LAMBARE,24.75,,,,,,,
1639,7,HOMOPOLIMERO,CGNA_PORT,"MOCOCHA, YUCATAN",48.0,,,,,,,
1641,7,HOMOPOLIMERO,CGNA_PORT,PALMIRA,1910.3999999999999,,,,,,,
1650,7,HOMOPOLIMERO,CGNA_PORT,RIONEGRO,293.0,,,,,,,
1665,7,HOMOPOLIMERO,CGNA_PORT,VILLA RICA,2.0,,,,,,,
1674,7,LLDPE HEXENO,CGNA_PORT,CARTAGENA,0.1,,,,,,,
1675,7,MASTER. NEGRO B.PS,CGNA_PORT,"DE CAGUA,EDO.ARAGUA",0.995,,,,,,,
1676,7,MASTERB. BLANCO B.PE,CGNA_PORT,BOGOTA,0.35,,,,,,,
1677,7,MASTERB. BLANCO B.PE,CGNA_PORT,CALOTO,10.0,,,,,,,
1679,7,MASTERB. BLANCO B.PE,CGNA_PORT,"DE CAGUA,EDO.ARAGUA",10.0,,,,,,,
1680,7,MASTERB. BLANCO B.PE,CGNA_PORT,FUNZA,25.0,,,,,,,
1685,7,MASTERB. BLANCO B.PE,CGNA_PORT,RIONEGRO,2.0,,,,,,,
1687,7,MASTERB. BLANCO B.PP,CGNA_PORT,CARTAGENA,3.5,,,,,,,
1689,7,MASTERB. BLANCO B.PP,CGNA_PORT,PALMIRA,6.0,,,,,,,
1691,7,MASTERB. NEGRO B.PE,CGNA_PORT,FUNZA,3.0,,,,,,,
1694,7,MASTERB. NEGRO B.PE,CGNA_PORT,TOCANCIPA,0.075,,,,,,,
1695,7,MASTERB. NEGRO B.PP,CGNA_PORT,GUACHENE,2.5,,,,,,,
1696,7,MASTERB. NEGRO B.PP,CGNA_PORT,VILLA RICA,3.2,,,,,,,
1697,7,MASTERBATCH DE COLOR,CGNA_PORT,BOGOTA,1.2740000000000002,,,,,,,
1698,7,MASTERBATCH DE COLOR,CGNA_PORT,CALOTO,0.276,,,,,,,
1699,7,MASTERBATCH DE COLOR,CGNA_PORT,"DE CAGUA,EDO.ARAGUA",0.1,,,,,,,
1707,7,MASTERBATCH DE COLOR,CGNA_PORT,TOCANCIPA,0.75,,,,,,,
1715,7,OTROS COMPUESTOS,CGNA_PORT,TOCANCIPA,0.007,,,,,,,
1720,7,PP REF.FIBRA  VIDRIO,CGNA_PORT,ZONA FRANCA RIONEGRO ANTIOQUIA,1.225,,,,,,,
1723,7,RESINAS GRANULAR,CGNA_PORT,CARTAGENA,121.01299999999999,,,,,,,
1731,8,ADITIVOS,CGNA_PORT,PALMIRA,0.35,,,,,,,
1740,8,COPOLIMERO IMPACTO,CGNA_PORT,BOGOTA,55.0,,,,,,,
1746,8,COPOLIMERO IMPACTO,CGNA_PORT,CARTAGENA,63.400000000000006,,,,,,,
1754,8,COPOLIMERO IMPACTO,CGNA_PORT,HARD,2.0,,,,,,,
1762,8,COPOLIMERO IMPACTO,CGNA_PORT,PALMIRA,14.0,,,,,,,
1775,8,COPOLIMERO IMPACTO,CGNA_PORT,TOCANCIPA,34.0,,,,,,,
1778,8,COPOLIMERO IMPACTO,CGNA_PORT,VILLA RICA,35.0,,,,,,,
1780,8,COPOLIMERO IMPACTO,CGNA_PORT,ZIPAQUIRA,10.0,,,,,,,
1781,8,COPOLIMERO IMPACTO,CGNA_PORT,ZONA FRANCA RIONEGRO ANTIOQUIA,6.0,,,,,,,
1785,8,COPOLIMERO RANDOM,CGNA_PORT,BOGOTA,23.0,,,,,,,
1788,8,COPOLIMERO RANDOM,CGNA_PORT,CALOTO,20.5,,,,,,,
1790,8,COPOLIMERO RANDOM,CGNA_PORT,CARTAGENA,61.512,,,,,,,
1813,8,COPOLIMERO RANDOM,CGNA_PORT,PALMIRA,62.8,,,,,,,
1837,8,COPOLIMERO RANDOM,CGNA_PORT,VILLA RICA,34.0,,,,,,,
1849,8,HOMOPOLIMERO,CGNA_PORT,BOGOTA,20.0,,,,,,,
1858,8,HOMOPOLIMERO,CGNA_PORT,CARTAGENA,558.3,,,,,,,
1859,8,HOMOPOLIMERO,CGNA_PORT,CARTAGO,144.0,,,,,,,
1869,8,HOMOPOLIMERO,CGNA_PORT,"DE CAGUA,EDO.ARAGUA",57.0,,,,,,,
1874,8,HOMOPOLIMERO,CGNA_PORT,GUACHENE,68.0,,,,,,,
1892,8,HOMOPOLIMERO,CGNA_PORT,MINGA GUAZU,49.5,,,,,,,
1893,8,HOMOPOLIMERO,CGNA_PORT,MIRANDA,27.0,,,,,,,
1894,8,HOMOPOLIMERO,CGNA_PORT,"MOCOCHA, YUCATAN",24.0,,,,,,,
1896,8,HOMOPOLIMERO,CGNA_PORT,PALMIRA,2141.999,,,,,,,
1901,8,HOMOPOLIMERO,CGNA_PORT,PUERTO TEJADA,67.5,,,,,,,
1909,8,HOMOPOLIMERO,CGNA_PORT,RIONEGRO,136.0,,,,,,,
1926,8,HOMOPOLIMERO,CGNA_PORT,VILLA RICA,2.0,,,,,,,
1932,8,LDPE POLIFEN 641,CGNA_PORT,VILLA RICA,1.0,,,,,,,
1936,8,MASTERB. BLANCO B.PE,CGNA_PORT,BOGOTA,0.25,,,,,,,
1937,8,MASTERB. BLANCO B.PE,CGNA_PORT,CALOTO,0.1,,,,,,,
1939,8,MASTERB. BLANCO B.PE,CGNA_PORT,PALMIRA,0.025,,,,,,,
1940,8,MASTERB. BLANCO B.PE,CGNA_PORT,RIONEGRO,3.0,,,,,,,
1942,8,MASTERB. BLANCO B.PE,CGNA_PORT,TOCANCIPA,0.125,,,,,,,
1943,8,MASTERB. BLANCO B.PE,CGNA_PORT,VILLA RICA,1.9999999999999998,,,,,,,
1944,8,MASTERB. BLANCO B.PP,CGNA_PORT,CARTAGENA,3.5,,,,,,,
1946,8,MASTERB. BLANCO B.PP,CGNA_PORT,PALMIRA,6.0,,,,,,,
1948,8,MASTERB. NEGRO B.PE,CGNA_PORT,FUNZA,9.875,,,,,,,
1950,8,MASTERB. NEGRO B.PE,CGNA_PORT,PALMIRA,0.25,,,,,,,
1951,8,MASTERB. NEGRO B.PE,CGNA_PORT,TOCANCIPA,0.7250000000000001,,,,,,,
1952,8,MASTERB. NEGRO B.PP,CGNA_PORT,VILLA RICA,3.0,,,,,,,
1953,8,MASTERBATCH DE COLOR,CGNA_PORT,BOGOTA,1.155,,,,,,,
1954,8,MASTERBATCH DE COLOR,CGNA_PORT,CALOTO,1.125,,,,,,,
1955,8,MASTERBATCH DE COLOR,CGNA_PORT,FUNZA,0.9500000000000001,,,,,,,
1958,8,MASTERBATCH DE COLOR,CGNA_PORT,TOCANCIPA,1.113,,,,,,,
1962,8,OTROS COMPUESTOS,CGNA_PORT,PUERTO TEJADA,0.004,,,,,,,
1966,8,PP REF.FIBRA  VIDRIO,CGNA_PORT,ZONA FRANCA RIONEGRO ANTIOQUIA,2.55,,,,,,,
1967,8,RESINAS GRANULAR,CGNA_PORT,CARTAGENA,112.96,,,,,,,
1979,9,COMPUESTOS FLEXIBLES,CGNA_PORT,BOGOTA,0.175,,,,,,,
1984,9,COPOLIMERO IMPACTO,CGNA_PORT,BOGOTA,43.0,,,,,,,
1990,9,COPOLIMERO IMPACTO,CGNA_PORT,CARTAGENA,50.625,,,,,,,
2008,9,COPOLIMERO IMPACTO,CGNA_PORT,MIRANDA,27.0,,,,,,,
2009,9,COPOLIMERO IMPACTO,CGNA_PORT,"MOCOCHA, YUCATAN",24.0,,,,,,,
2014,9,COPOLIMERO IMPACTO,CGNA_PORT,PALMIRA,14.0,,,,,,,
2028,9,COPOLIMERO IMPACTO,CGNA_PORT,TOCANCIPA,170.0,,,,,,,
2031,9,COPOLIMERO IMPACTO,CGNA_PORT,VILLA RICA,35.0,,,,,,,
2033,9,COPOLIMERO IMPACTO,CGNA_PORT,ZIPAQUIRA,0.925,,,,,,,
2034,9,COPOLIMERO IMPACTO,CGNA_PORT,ZONA FRANCA RIONEGRO ANTIOQUIA,5.0,,,,,,,
2038,9,COPOLIMERO RANDOM,CGNA_PORT,BOGOTA,24.0,,,,,,,
2041,9,COPOLIMERO RANDOM,CGNA_PORT,CALOTO,10.0,,,,,,,
2044,9,COPOLIMERO RANDOM,CGNA_PORT,"CANADA, L6T 552",0.8,,,,,,,
2046,9,COPOLIMERO RANDOM,CGNA_PORT,CARTAGENA,96.5,,,,,,,
2064,9,COPOLIMERO RANDOM,CGNA_PORT,PALMIRA,85.8,,,,,,,
2088,9,HDPE INYEC(M.I.6-10),CGNA_PORT,VIA LA SOFIA,19.85,,,,,,,
2091,9,HOMOPOLIMERO,CGNA_PORT,APARTADO,0.175,,,,,,,
2096,9,HOMOPOLIMERO,CGNA_PORT,BOGOTA,6.0,,,,,,,
2107,9,HOMOPOLIMERO,CGNA_PORT,CARTAGENA,673.575,,,,,,,
2108,9,HOMOPOLIMERO,CGNA_PORT,CARTAGO,144.0,,,,,,,
2120,9,HOMOPOLIMERO,CGNA_PORT,GUACHENE,34.0,,,,,,,
2122,9,HOMOPOLIMERO,CGNA_PORT,GUARNE,21.0,,,,,,,
2139,9,HOMOPOLIMERO,CGNA_PORT,PALMIRA,1740.0,,,,,,,
2149,9,HOMOPOLIMERO,CGNA_PORT,RIONEGRO,68.0,,,,,,,
2167,9,HOMOPOLIMERO,CGNA_PORT,VILLA RICA,4.0,,,,,,,
2170,9,LDPE POLIFEN 641,CGNA_PORT,CARTAGENA,33.0,,,,,,,
2173,9,LDPE POLIFEN 641,CGNA_PORT,VILLA RICA,1.0,,,,,,,
2174,9,MASTERB. BLANCO B.PE,CGNA_PORT,BOGOTA,0.22499999999999998,,,,,,,
2179,9,MASTERB. BLANCO B.PE,CGNA_PORT,PALMIRA,0.025,,,,,,,
2181,9,MASTERB. BLANCO B.PE,CGNA_PORT,TOCANCIPA,0.2,,,,,,,
2182,9,MASTERB. BLANCO B.PP,CGNA_PORT,CARTAGENA,2.0,,,,,,,
2184,9,MASTERB. BLANCO B.PP,CGNA_PORT,PALMIRA,6.0,,,,,,,
2188,9,MASTERB. NEGRO B.PE,CGNA_PORT,BOGOTA,0.025,,,,,,,
2192,9,MASTERB. NEGRO B.PE,CGNA_PORT,TOCANCIPA,0.275,,,,,,,
2194,9,MASTERB. NEGRO B.PP,CGNA_PORT,GUACHENE,2.0,,,,,,,
2195,9,MASTERB. NEGRO B.PP,CGNA_PORT,VILLA RICA,3.0,,,,,,,
2196,9,MASTERBATCH DE COLOR,CGNA_PORT,BOGOTA,1.7559999999999998,,,,,,,
2197,9,MASTERBATCH DE COLOR,CGNA_PORT,FUNZA,0.125,,,,,,,
2200,9,MASTERBATCH DE COLOR,CGNA_PORT,TOCANCIPA,0.1,,,,,,,
2207,9,OTROS COMPUESTOS,CGNA_PORT,POINT LISAS,0.006,,,,,,,
2216,9,RESINAS GRANULAR,CGNA_PORT,CARTAGENA,27.076000000000004,,,,,,,
2219,10,ADITIVOS,CGNA_PORT,GUACHENE,2.2,,,,,,,
2235,10,COMPUESTOS FLEXIBLES,CGNA_PORT,BOGOTA,0.075,,,,,,,
2241,10,COPOLIMERO IMPACTO,CGNA_PORT,BOGOTA,60.0,,,,,,,
2248,10,COPOLIMERO IMPACTO,CGNA_PORT,CARTAGENA,63.4,,,,,,,
2253,10,COPOLIMERO IMPACTO,CGNA_PORT,"DE CAGUA,EDO.ARAGUA",14.0,,,,,,,
2263,10,COPOLIMERO IMPACTO,CGNA_PORT,MIRANDA,27.0,,,,,,,
2264,10,COPOLIMERO IMPACTO,CGNA_PORT,"MOCOCHA, YUCATAN",24.0,,,,,,,
2268,10,COPOLIMERO IMPACTO,CGNA_PORT,PALMIRA,14.0,,,,,,,
2275,10,COPOLIMERO IMPACTO,CGNA_PORT,RIONEGRO,34.0,,,,,,,
2281,10,COPOLIMERO IMPACTO,CGNA_PORT,TOCANCIPA,101.15,,,,,,,
2284,10,COPOLIMERO IMPACTO,CGNA_PORT,VILLA RICA,115.0,,,,,,,
2286,10,COPOLIMERO IMPACTO,CGNA_PORT,ZIPAQUIRA,32.0,,,,,,,
2287,10,COPOLIMERO IMPACTO,CGNA_PORT,ZONA FRANCA RIONEGRO ANTIOQUIA,3.875,,,,,,,
2290,10,COPOLIMERO RANDOM,CGNA_PORT,BOGOTA,3.0,,,,,,,
2294,10,COPOLIMERO RANDOM,CGNA_PORT,CALOTO,15.0,,,,,,,
2295,10,COPOLIMERO RANDOM,CGNA_PORT,CARTAGENA,160.5,,,,,,,
2301,10,COPOLIMERO RANDOM,CGNA_PORT,GUACHENE,3.0,,,,,,,
2313,10,COPOLIMERO RANDOM,CGNA_PORT,LUDWIGSHAFEN,1.375,,,,,,,
2319,10,COPOLIMERO RANDOM,CGNA_PORT,PALMIRA,70.8,,,,,,,
2323,10,COPOLIMERO RANDOM,CGNA_PORT,RIONEGRO,136.0,,,,,,,
2330,10,COPOLIMERO RANDOM,CGNA_PORT,VILLA RICA,34.0,,,,,,,
2335,10,HDPE INYEC M.I.17-20,CGNA_PORT,BOGOTA,0.025,,,,,,,
2348,10,HOMOPOLIMERO,CGNA_PORT,CALOTO,15.0,,,,,,,
2351,10,HOMOPOLIMERO,CGNA_PORT,CARTAGENA,593.35,,,,,,,
2352,10,HOMOPOLIMERO,CGNA_PORT,CARTAGO,48.0,,,,,,,
2360,10,HOMOPOLIMERO,CGNA_PORT,"DE CAGUA,EDO.ARAGUA",40.0,,,,,,,
2364,10,HOMOPOLIMERO,CGNA_PORT,GUACHENE,119.5,,,,,,,
2377,10,HOMOPOLIMERO,CGNA_PORT,LUDWIGSHAFEN,1.375,,,,,,,
2381,10,HOMOPOLIMERO,CGNA_PORT,MIRANDA,27.0,,,,,,,
2384,10,HOMOPOLIMERO,CGNA_PORT,PALMIRA,1910.3999999999996,,,,,,,
2393,10,HOMOPOLIMERO,CGNA_PORT,RIONEGRO,170.0,,,,,,,
2408,10,HOMOPOLIMERO,CGNA_PORT,VILLA RICA,5.0,,,,,,,
2411,10,LDPE POLIFEN 641,CGNA_PORT,CARTAGENA,42.0,,,,,,,
2413,10,LDPE POLIFEN 641,CGNA_PORT,VILLA RICA,1.0,,,,,,,
2419,10,LLDPE INYECCION,CGNA_PORT,BOGOTA,0.025,,,,,,,
2421,10,MASTERB. BLANCO B.PE,CGNA_PORT,BOGOTA,0.275,,,,,,,
2422,10,MASTERB. BLANCO B.PE,CGNA_PORT,GUACHENE,10.0,,,,,,,
2429,10,MASTERB. BLANCO B.PE,CGNA_PORT,RIONEGRO,3.0,,,,,,,
2431,10,MASTERB. BLANCO B.PE,CGNA_PORT,TOCANCIPA,0.325,,,,,,,
2432,10,MASTERB. BLANCO B.PP,CGNA_PORT,CARTAGENA,1.0,,,,,,,
2437,10,MASTERB. NEGRO B.PE,CGNA_PORT,MOSQUERA,6.0,,,,,,,
2438,10,MASTERB. NEGRO B.PE,CGNA_PORT,PALMIRA,0.4,,,,,,,
2443,10,MASTERB. NEGRO B.PP,CGNA_PORT,GUACHENE,1.0,,,,,,,
2445,10,MASTERBATCH DE COLOR,CGNA_PORT,BOGOTA,1.0500000000000003,,,,,,,
2446,10,MASTERBATCH DE COLOR,CGNA_PORT,CALOTO,0.2,,,,,,,
2447,10,MASTERBATCH DE COLOR,CGNA_PORT,FUNZA,2.875,,,,,,,
2448,10,MASTERBATCH DE COLOR,CGNA_PORT,GUACHENE,0.3,,,,,,,
2455,10,MASTERBATCH DE COLOR,CGNA_PORT,TOCANCIPA,2.951999999999999,,,,,,,
2463,10,OTROS COMPUESTOS,CGNA_PORT,TOCANCIPA,0.04900000000000001,,,,,,,
2467,10,PP REF.FIBRA  VIDRIO,CGNA_PORT,ZONA FRANCA RIONEGRO ANTIOQUIA,1.225,,,,,,,
2470,10,RESINAS GRANULAR,CGNA_PORT,CARTAGENA,82.72200000000001,,,,,,,
2472,10,TERPOLIMEROS,CGNA_PORT,LUDWIGSHAFEN,1.375,,,,,,,
2473,11,ADITIVOS,CGNA_PORT,GUACHENE,1.0,,,,,,,
2479,11,ADITIVOS,CGNA_PORT,PALMIRA,0.672,,,,,,,
2481,11,ADITIVOS,CGNA_PORT,RIONEGRO,0.1,,,,,,,
2489,11,COPOLIMERO IMPACTO,CGNA_PORT,BOGOTA,65.0,,,,,,,
2495,11,COPOLIMERO IMPACTO,CGNA_PORT,CARTAGENA,45.849999999999994,,,,,,,
2508,11,COPOLIMERO IMPACTO,CGNA_PORT,LA VICTORIA,8.1,,,,,,,
2511,11,COPOLIMERO IMPACTO,CGNA_PORT,MIRANDA,54.0,,,,,,,
2512,11,COPOLIMERO IMPACTO,CGNA_PORT,"MOCOCHA, YUCATAN",48.0,,,,,,,
2514,11,COPOLIMERO IMPACTO,CGNA_PORT,PALMIRA,12.0,,,,,,,
2520,11,COPOLIMERO IMPACTO,CGNA_PORT,RIONEGRO,76.5,,,,,,,
2528,11,COPOLIMERO IMPACTO,CGNA_PORT,TOCANCIPA,136.0,,,,,,,
2533,11,COPOLIMERO IMPACTO,CGNA_PORT,VILLA RICA,56.0,,,,,,,
2535,11,COPOLIMERO IMPACTO,CGNA_PORT,YOKKAICHI,0.07500000000000001,,,,,,,
2536,11,COPOLIMERO IMPACTO,CGNA_PORT,ZONA FRANCA RIONEGRO ANTIOQUIA,8.0,,,,,,,
2539,11,COPOLIMERO RANDOM,CGNA_PORT,BOGOTA,23.0,,,,,,,
2541,11,COPOLIMERO RANDOM,CGNA_PORT,CALOTO,20.0,,,,,,,
2545,11,COPOLIMERO RANDOM,CGNA_PORT,CARTAGENA,103.0,,,,,,,
2553,11,COPOLIMERO RANDOM,CGNA_PORT,GUACHENE,7.0,,,,,,,
2565,11,COPOLIMERO RANDOM,CGNA_PORT,LUDWIGSHAFEN,1.375,,,,,,,
2567,11,COPOLIMERO RANDOM,CGNA_PORT,PALMIRA,59.4,,,,,,,
2575,11,COPOLIMERO RANDOM,CGNA_PORT,RIONEGRO,113.9,,,,,,,
2603,11,HOMOPOLIMERO,CGNA_PORT,BOGOTA,10.0,,,,,,,
2609,11,HOMOPOLIMERO,CGNA_PORT,CALOTO,20.0,,,,,,,
2613,11,HOMOPOLIMERO,CGNA_PORT,CARTAGENA,613.6,,,,,,,
2614,11,HOMOPOLIMERO,CGNA_PORT,CARTAGO,48.0,,,,,,,
2625,11,HOMOPOLIMERO,CGNA_PORT,GUACHENE,83.0,,,,,,,
2638,11,HOMOPOLIMERO,CGNA_PORT,LA VICTORIA,18.9,,,,,,,
2640,11,HOMOPOLIMERO,CGNA_PORT,LUDWIGSHAFEN,1.375,,,,,,,
2641,11,HOMOPOLIMERO,CGNA_PORT,MACOYA,22.0,,,,,,,
2643,11,HOMOPOLIMERO,CGNA_PORT,MIRANDA,54.0,,,,,,,
2648,11,HOMOPOLIMERO,CGNA_PORT,PALMIRA,2003.7859999999998,,,,,,,
2660,11,HOMOPOLIMERO,CGNA_PORT,RIONEGRO,46.5,,,,,,,
2679,11,HOMOPOLIMERO,CGNA_PORT,VILLA RICA,3.0,,,,,,,
2681,11,HOMOPOLIMERO,CGNA_PORT,WINTERTHUR,0.15,,,,,,,
2686,11,MASTERB. BLANCO B.PE,CGNA_PORT,BOGOTA,0.4,,,,,,,
2689,11,MASTERB. BLANCO B.PE,CGNA_PORT,GUACHENE,9.0,,,,,,,
2693,11,MASTERB. BLANCO B.PE,CGNA_PORT,PALMIRA,0.025,,,,,,,
2702,11,MASTERB. NEGRO B.PE,CGNA_PORT,FUNZA,17.0,,,,,,,
2708,11,MASTERBATCH DE COLOR,CGNA_PORT,BOGOTA,1.453,,,,,,,
2709,11,MASTERBATCH DE COLOR,CGNA_PORT,CALOTO,0.594,,,,,,,
2712,11,MASTERBATCH DE COLOR,CGNA_PORT,GUACHENE,0.5,,,,,,,
2717,11,MASTERBATCH DE COLOR,CGNA_PORT,RIONEGRO,0.10099999999999999,,,,,,,
2722,11,OTROS COMPUESTOS,CGNA_PORT,LA VICTORIA,0.1,,,,,,,
2726,11,OTROS COMPUESTOS,CGNA_PORT,PUERTO TEJADA,0.01,,,,,,,
2729,11,OTROS COMPUESTOS,CGNA_PORT,TOCANCIPA,0.001,,,,,,,
2731,11,PP REF.FIBRA  VIDRIO,CGNA_PORT,ZONA FRANCA RIONEGRO ANTIOQUIA,0.6,,,,,,,
2732,11,RESINAS GRANULAR,CGNA_PORT,CARTAGENA,45.994,,,,,,,
2735,11,TERPOLIMEROS,CGNA_PORT,LUDWIGSHAFEN,1.375,,,,,,,
2736,12,ADITIVOS,CGNA_PORT,GUACHENE,0.2,,,,,,,
2740,12,ADITIVOS,CGNA_PORT,PALMIRA,0.15,,,,,,,
2741,12,ADITIVOS,CGNA_PORT,RIONEGRO,0.3,,,,,,,
2748,12,COPOLIMERO IMPACTO,CGNA_PORT,BOGOTA,36.0,,,,,,,
2755,12,COPOLIMERO IMPACTO,CGNA_PORT,CARTAGENA,23.849999999999998,,,,,,,
2779,12,COPOLIMERO IMPACTO,CGNA_PORT,MIRANDA,27.0,,,,,,,
2793,12,COPOLIMERO IMPACTO,CGNA_PORT,RIONEGRO,25.5,,,,,,,
2801,12,COPOLIMERO IMPACTO,CGNA_PORT,TOCANCIPA,68.0,,,,,,,
2803,12,COPOLIMERO IMPACTO,CGNA_PORT,VILLA RICA,45.0,,,,,,,
2805,12,COPOLIMERO IMPACTO,CGNA_PORT,ZIPAQUIRA,10.0,,,,,,,
2806,12,COPOLIMERO IMPACTO,CGNA_PORT,ZONA FRANCA RIONEGRO ANTIOQUIA,6.7,,,,,,,
2810,12,COPOLIMERO RANDOM,CGNA_PORT,CALOTO,20.0,,,,,,,
2813,12,COPOLIMERO RANDOM,CGNA_PORT,CARTAGENA,47.95,,,,,,,
2832,12,COPOLIMERO RANDOM,CGNA_PORT,PALMIRA,36.4,,,,,,,
2837,12,COPOLIMERO RANDOM,CGNA_PORT,RIONEGRO,85.0,,,,,,,
2864,12,HOMOPOLIMERO,CGNA_PORT,BOGOTA,15.0,,,,,,,
2870,12,HOMOPOLIMERO,CGNA_PORT,CALOTO,10.1,,,,,,,
2873,12,HOMOPOLIMERO,CGNA_PORT,CARTAGENA,643.2,,,,,,,
2874,12,HOMOPOLIMERO,CGNA_PORT,CARTAGO,48.0,,,,,,,
2879,12,HOMOPOLIMERO,CGNA_PORT,"CIUDAD HABANA, CUBA",25.0,,,,,,,
2888,12,HOMOPOLIMERO,CGNA_PORT,GUACHENE,102.0,,,,,,,
2903,12,HOMOPOLIMERO,CGNA_PORT,MIRANDA,27.0,,,,,,,
2905,12,HOMOPOLIMERO,CGNA_PORT,PALMIRA,2162.4,,,,,,,
2917,12,HOMOPOLIMERO,CGNA_PORT,RIONEGRO,25.5,,,,,,,
2932,12,HOMOPOLIMERO,CGNA_PORT,VILLA RICA,3.0,,,,,,,
2935,12,LDPE POLIFEN 641,CGNA_PORT,CARTAGENA,0.625,,,,,,,
2936,12,LDPE USO GENERAL,CGNA_PORT,CARTAGENA,0.26799999999999996,,,,,,,
2944,12,MASTERB. BLANCO B.PE,CGNA_PORT,BOGOTA,0.1,,,,,,,
2946,12,MASTERB. BLANCO B.PE,CGNA_PORT,GUACHENE,10.0,,,,,,,
2950,12,MASTERB. BLANCO B.PE,CGNA_PORT,PALMIRA,0.025,,,,,,,
2952,12,MASTERB. BLANCO B.PE,CGNA_PORT,RIONEGRO,2.0,,,,,,,
2954,12,MASTERB. BLANCO B.PE,CGNA_PORT,VILLA RICA,2.0,,,,,,,
2955,12,MASTERB. BLANCO B.PP,CGNA_PORT,PALMIRA,9.0,,,,,,,
2957,12,MASTERB. NEGRO B.PE,CGNA_PORT,BOGOTA,0.025,,,,,,,
2960,12,MASTERB. NEGRO B.PE,CGNA_PORT,MOSQUERA,2.525,,,,,,,
2962,12,MASTERBATCH DE COLOR,CGNA_PORT,BOGOTA,0.8560000000000001,,,,,,,
2963,12,MASTERBATCH DE COLOR,CGNA_PORT,CALOTO,0.5,,,,,,,
2968,12,MASTERBATCH DE COLOR,CGNA_PORT,RIONEGRO,0.2,,,,,,,
2970,12,MASTERBATCH DE COLOR,CGNA_PORT,TOCANCIPA,0.625,,,,,,,
2973,12,OTROS COMPUESTOS,CGNA_PORT,CARTAGENA,0.005,,,,,,,
2976,12,OTROS COMPUESTOS,CGNA_PORT,TOCANCIPA,0.006,,,,,,,
2977,12,OTROS COMPUESTOS,CGNA_PORT,VILLA RICA,0.005,,,,,,,
2979,12,PP REF.FIBRA  VIDRIO,CGNA_PORT,ZONA FRANCA RIONEGRO ANTIOQUIA,1.6,,,,,,,
2981,12,RESINAS GRANULAR,CGNA_PORT,CARTAGENA,219.269,,,,,,,
2982,12,TERPOLIMEROS,CGNA_PORT,CARTAGENA,0.25,,,,,,,
